Layer[0],Layer[1],TEE[2-8],Layer[9],Layer[10],classifier
0.513588,0.017793,8.124064,0.002784,0.000640,8.667733
0.421968,0.017888,0.765726,0.002433,0.000416,1.217104
0.416240,0.017792,0.788991,0.001344,0.000416,1.230256
0.420912,0.017696,0.752414,0.001760,0.000384,1.200271
0.416881,0.017568,0.748862,0.001408,0.000384,1.192239
0.434065,0.017377,0.754301,0.001472,0.000352,1.214543
0.420784,0.017505,0.748190,0.001408,0.000384,1.194607
0.421201,0.017665,0.754365,0.001568,0.000448,1.202832
0.420753,0.017441,0.774142,0.001376,0.000384,1.222000
0.420561,0.017569,0.757981,0.001344,0.000384,1.204208
0.419952,0.017505,0.765662,0.001376,0.000416,1.212527
0.420240,0.017377,0.745853,0.001408,0.000384,1.192206
0.420528,0.017697,0.748030,0.001344,0.000384,1.194383
0.420816,0.017569,0.763550,0.001376,0.000384,1.210191
0.421617,0.017473,0.734781,0.001280,0.000384,1.181935
0.420112,0.017377,0.749534,0.001376,0.000384,1.195663
0.441490,0.017537,0.752541,0.001472,0.000384,1.220720
0.421552,0.017600,0.754654,0.001280,0.000416,1.203279
0.420561,0.017472,0.771775,0.001376,0.000384,1.218928
0.422608,0.017632,0.748478,0.001344,0.000384,1.197583
0.420977,0.017473,0.740253,0.001440,0.000384,1.188591
0.415793,0.017472,0.780767,0.001344,0.000384,1.221328
0.420689,0.017632,0.749726,0.001344,0.000416,1.195695
0.421009,0.017312,0.747358,0.001344,0.000352,1.193391
0.420721,0.017184,0.761182,0.001248,0.000352,1.206671
0.420689,0.017281,0.733245,0.001280,0.000384,1.179183
0.420592,0.017441,0.743293,0.001280,0.000416,1.189102
0.436177,0.018017,0.741277,0.001344,0.000384,1.205359
0.418736,0.017665,0.750430,0.001408,0.000384,1.194127
0.422481,0.017633,0.765694,0.001312,0.000416,1.213168
0.417776,0.017344,0.749054,0.001376,0.000352,1.192751
0.421456,0.017313,0.739069,0.001248,0.000384,1.185678
0.421360,0.017473,0.768286,0.001344,0.000384,1.214927
0.420401,0.017473,0.732572,0.001248,0.000352,1.178223
0.420817,0.017505,0.743005,0.001376,0.000384,1.188719
0.422128,0.017537,0.763806,0.001248,0.000384,1.210959
0.421521,0.017377,0.741213,0.001280,0.000352,1.188079
0.419952,0.017376,0.750046,0.001408,0.000384,1.196911
0.441298,0.017408,0.766271,0.001280,0.000352,1.232625
0.416560,0.017345,0.763134,0.001216,0.000384,1.204911
0.421553,0.017313,0.746397,0.001344,0.000352,1.193519
0.420528,0.017441,0.746717,0.001280,0.000416,1.191982
0.418576,0.017441,0.750014,0.001344,0.000352,1.194127
0.417265,0.017281,0.750429,0.001504,0.000448,1.193039
0.420496,0.017473,0.738013,0.001248,0.000352,1.183310
0.422000,0.017313,0.759006,0.001312,0.000352,1.206063
0.417265,0.017536,0.762238,0.001344,0.000384,1.204048
0.421969,0.017536,0.743550,0.001376,0.000416,1.190767
0.417456,0.017313,0.743517,0.001184,0.000384,1.185230
0.415601,0.017473,0.750429,0.001312,0.000352,1.191151
0.420400,0.017313,0.747549,0.001281,0.000352,1.193743
0.422225,0.017504,0.741950,0.001312,0.000448,1.189135
0.437105,0.017568,0.739293,0.001280,0.000416,1.201135
0.420945,0.017472,0.741278,0.001312,0.000384,1.187311
0.418417,0.017121,0.741213,0.001248,0.000320,1.183855
0.417009,0.017344,0.737533,0.001248,0.000416,1.178958
0.423665,0.017569,0.743261,0.001280,0.000384,1.192879
0.417968,0.017441,0.761886,0.001344,0.000384,1.205231
0.420848,0.017537,0.763582,0.001280,0.000352,1.208911
0.421936,0.017633,0.734589,0.001312,0.000384,1.180526
0.421361,0.017408,0.770143,0.001344,0.000416,1.217040
0.421969,0.017505,0.748861,0.001344,0.000352,1.195599
0.422609,0.017344,0.736605,0.001217,0.000384,1.183567
0.421873,0.017472,0.756382,0.001312,0.000384,1.204079
0.422960,0.017505,0.748382,0.001216,0.000384,1.195951
0.422353,0.017313,0.763070,0.001376,0.000384,1.210128
0.438737,0.017537,0.739997,0.001312,0.000384,1.204879
0.423057,0.017248,0.739998,0.001248,0.000384,1.187887
0.422544,0.017217,0.748894,0.001248,0.000576,1.197647
0.417392,0.017345,0.749822,0.001248,0.000352,1.193263
0.425009,0.017537,0.752190,0.001376,0.000352,1.201968
0.419121,0.017472,0.753118,0.001152,0.000352,1.196047
0.420112,0.017280,0.743293,0.001376,0.000416,1.189679
0.415472,0.017537,0.740797,0.001184,0.000352,1.182222
0.423056,0.017280,0.758974,0.001248,0.000384,1.207215
0.418545,0.017888,0.732221,0.001280,0.000320,1.176110
0.419121,0.017313,0.749917,0.001376,0.000384,1.195087
0.435281,0.017536,0.742077,0.001152,0.000352,1.202320
0.420081,0.017313,0.747645,0.001248,0.000352,1.193295
0.417392,0.017568,0.733021,0.001280,0.000352,1.176878
0.422449,0.017280,0.751998,0.001408,0.000384,1.200143
0.418929,0.017536,0.750718,0.001344,0.000352,1.195279
0.421616,0.017568,0.765374,0.001441,0.000352,1.212560
0.423537,0.017473,0.728476,0.001312,0.000384,1.176878
0.418544,0.017313,0.732765,0.001312,0.000384,1.176462
0.423185,0.017377,0.763806,0.001312,0.000352,1.212272
0.420048,0.017569,0.748381,0.001440,0.000416,1.194575
0.417425,0.017505,0.740509,0.001376,0.000384,1.183759
0.421776,0.017473,0.756766,0.001344,0.000352,1.203823
0.417905,0.017472,0.742750,0.001152,0.000384,1.186031
0.417169,0.017377,0.732828,0.001248,0.000384,1.175439
0.434609,0.017569,0.744829,0.001120,0.000352,1.203983
0.418513,0.017377,0.749277,0.001216,0.000384,1.193167
0.418448,0.017313,0.738685,0.001216,0.000384,1.182158
0.422128,0.017345,0.761694,0.001408,0.000384,1.208847
0.422577,0.017345,0.742109,0.001312,0.000384,1.189263
0.422257,0.017441,0.769214,0.001472,0.000384,1.218704
0.424432,0.017345,0.747614,0.001472,0.000384,1.198735
0.422865,0.017377,0.746365,0.001472,0.000384,1.195279
0.417777,0.017408,0.757469,0.001408,0.000384,1.201680
0.422672,0.017504,0.748382,0.001344,0.000384,1.196591
0.418417,0.017473,0.745757,0.001344,0.000416,1.190191
0.423313,0.017377,0.754493,0.001216,0.000352,1.203279
0.423217,0.017248,0.738685,0.001377,0.000352,1.187247
0.422737,0.017536,0.735581,0.001376,0.000384,1.184047
0.439793,0.017409,0.738813,0.001440,0.000352,1.204879
0.416016,0.017280,0.742269,0.001377,0.000416,1.184751
0.422641,0.017313,0.742333,0.001344,0.000384,1.191215
0.421328,0.017440,0.756542,0.001408,0.000320,1.205103
0.421233,0.017729,0.747645,0.001472,0.000352,1.195823
0.417360,0.017313,0.766462,0.001376,0.000352,1.209903
0.422065,0.017408,0.755486,0.001376,0.000384,1.203759
0.422065,0.017505,0.753085,0.001344,0.000352,1.200943
0.421264,0.017313,0.767422,0.001440,0.000448,1.214831
0.420592,0.017537,0.737789,0.001248,0.000384,1.183758
0.422609,0.017281,0.736861,0.001440,0.000416,1.185423
0.436689,0.017376,0.755166,0.001344,0.000352,1.219088
0.420817,0.017537,0.751901,0.001344,0.000384,1.198671
0.418800,0.017441,0.743261,0.001312,0.000352,1.187790
0.439825,0.017313,0.749533,0.001408,0.000416,1.215824
0.421552,0.017504,0.751166,0.001312,0.000384,1.198351
0.416528,0.017281,0.765278,0.001408,0.000448,1.207279
0.415537,0.017376,0.750749,0.001408,0.000352,1.191119
0.420944,0.017409,0.729629,0.001248,0.000352,1.175406
0.420241,0.017600,0.748158,0.001248,0.000352,1.193615
0.423249,0.017345,0.744061,0.001536,0.000320,1.192847
0.422416,0.017377,0.753950,0.001280,0.000384,1.203087
0.422705,0.017472,0.772543,0.001344,0.000384,1.221296
0.417904,0.017472,0.730461,0.001408,0.000352,1.173742
0.417585,0.017504,0.740029,0.001504,0.000384,1.183759
0.439697,0.017345,0.740765,0.001472,0.000320,1.206255
0.417137,0.017376,0.747198,0.001280,0.000320,1.189935
0.415601,0.017441,0.748061,0.001344,0.000416,1.189583
0.435505,0.017409,0.735580,0.001376,0.000384,1.196079
0.423249,0.017505,0.744957,0.001216,0.000416,1.193423
0.422384,0.017280,0.767966,0.001377,0.000352,1.216368
0.422320,0.017633,0.753342,0.001376,0.000352,1.201743
0.421937,0.017441,0.735901,0.001344,0.000416,1.184143
0.416017,0.017440,0.784895,0.001376,0.000352,1.227217
0.415952,0.017377,0.741085,0.001376,0.000352,1.183502
0.415856,0.017665,0.764446,0.001344,0.000352,1.205903
0.420144,0.017601,0.766782,0.001408,0.000416,1.213391
0.420497,0.017377,0.740221,0.001344,0.000352,1.186255
0.423537,0.017377,0.749533,0.001345,0.000352,1.198704
0.439889,0.017537,0.740541,0.001344,0.000416,1.206703
0.420401,0.017600,0.739133,0.001600,0.000416,1.186703
0.420208,0.017377,0.740541,0.001408,0.000416,1.186990
0.420241,0.017568,0.745886,0.001408,0.000384,1.191919
0.418320,0.017441,0.746685,0.001473,0.000416,1.191503
0.423856,0.017473,0.772478,0.001312,0.000416,1.222384
0.422385,0.017345,0.747805,0.001408,0.000384,1.195055
0.416304,0.017441,0.755421,0.001408,0.000416,1.197935
0.421681,0.017537,0.773502,0.001408,0.000384,1.220656
0.421808,0.017504,0.750430,0.001280,0.000384,1.197807
0.416240,0.017537,0.753982,0.001376,0.000384,1.195823
0.437682,0.017344,0.739422,0.001536,0.000448,1.203760
0.420273,0.017472,0.746622,0.001536,0.000448,1.193199
0.417264,0.017377,0.740925,0.001440,0.000416,1.184046
0.421840,0.017601,0.750365,0.001408,0.000416,1.198575
0.422801,0.017281,0.748125,0.001408,0.000384,1.196495
0.420560,0.017377,0.772446,0.001408,0.000384,1.218864
0.416209,0.017505,0.749949,0.001472,0.000416,1.192335
0.420944,0.017344,0.740925,0.001473,0.000384,1.187503
0.418097,0.017633,0.757981,0.001440,0.000385,1.202416
0.422545,0.017408,0.747198,0.001376,0.000416,1.195407
0.419505,0.017473,0.750557,0.001408,0.000384,1.196560
0.438194,0.017440,0.753214,0.001280,0.000384,1.217552
0.416368,0.017633,0.745661,0.001312,0.000384,1.187822
0.420337,0.017473,0.745469,0.001344,0.000384,1.192751
0.418833,0.017472,0.743710,0.001344,0.000352,1.188719
0.415792,0.017473,0.736445,0.001536,0.000416,1.177710
0.419824,0.017377,0.751677,0.001248,0.000416,1.197423
0.422673,0.017217,0.737085,0.001216,0.000384,1.184239
0.422609,0.017601,0.727548,0.001216,0.000416,1.175342
0.422225,0.017345,0.754685,0.001120,0.000353,1.201264
0.415697,0.017600,0.750718,0.001440,0.000384,1.191855
0.421584,0.017345,0.734013,0.001248,0.000384,1.181070
0.422929,0.034337,0.741373,0.001248,0.000416,1.205808
0.421776,0.017313,0.744477,0.001377,0.000352,1.191759
0.422705,0.017312,0.733884,0.001152,0.000416,1.180719
0.437681,0.018017,0.747069,0.001088,0.000352,1.208848
0.423056,0.017313,0.743805,0.001248,0.000352,1.191246
0.423921,0.017313,0.741693,0.001216,0.000352,1.189423
0.423184,0.017441,0.738205,0.001280,0.000416,1.188302
0.416112,0.017473,0.738717,0.001472,0.000416,1.180142
0.416112,0.017313,0.768094,0.001440,0.000384,1.210608
0.421424,0.017249,0.736605,0.001312,0.000352,1.182958
0.422065,0.017249,0.731484,0.001313,0.000384,1.178863
0.416400,0.017505,0.763070,0.001472,0.000448,1.205615
0.416464,0.017313,0.742013,0.001376,0.000416,1.183343
0.418321,0.017345,0.739037,0.001344,0.000384,1.182127
0.423024,0.017313,0.747582,0.001216,0.000384,1.195503
0.421041,0.017505,0.742621,0.001280,0.000352,1.188271
0.422320,0.017313,0.734749,0.001312,0.000320,1.181582
0.441842,0.017472,0.729533,0.001472,0.000352,1.196623
0.419249,0.017312,0.746718,0.001344,0.000352,1.192271
0.422545,0.017345,0.748637,0.001312,0.000384,1.195951
0.418672,0.017473,0.735965,0.001408,0.000384,1.179246
0.422737,0.017472,0.749822,0.001376,0.000416,1.198127
0.418033,0.017536,0.750878,0.001472,0.000384,1.194287
0.416368,0.017313,0.739901,0.001184,0.000384,1.180366
0.418289,0.017312,0.742558,0.001344,0.000384,1.184975
0.420785,0.017376,0.747646,0.001280,0.000384,1.193487
0.417360,0.017408,0.746462,0.001344,0.000352,1.188271
0.423825,0.017377,0.738845,0.001312,0.000416,1.187439
0.418001,0.017281,0.765470,0.001440,0.000416,1.210576
0.423536,0.017345,0.750302,0.001376,0.000352,1.200239
0.421937,0.017409,0.745309,0.001280,0.000352,1.192495
0.437329,0.017345,0.760798,0.001472,0.000416,1.224464
0.420305,0.017505,0.748989,0.001248,0.000352,1.195439
0.422833,0.017409,0.733661,0.001280,0.000352,1.182191
0.422128,0.017536,0.749054,0.001568,0.000448,1.197103
0.417296,0.017345,0.730205,0.001408,0.000352,1.172494
0.422897,0.017505,0.764990,0.001344,0.000352,1.213392
0.421200,0.017377,0.744861,0.001440,0.000384,1.190862
0.423344,0.017345,0.751774,0.001184,0.000320,1.200111
0.420977,0.017281,0.764254,0.001408,0.000416,1.211248
0.422449,0.017345,0.753437,0.001376,0.000384,1.201840
0.422960,0.017345,0.744157,0.001376,0.000352,1.192622
0.433713,0.017760,0.738653,0.001216,0.000384,1.197359
0.422513,0.017312,0.734397,0.001248,0.000352,1.181550
0.423152,0.017377,0.743677,0.001408,0.000352,1.192303
0.439122,0.017280,0.743870,0.001280,0.000416,1.209200
0.417712,0.017536,0.751358,0.001376,0.000384,1.194703
0.416785,0.017505,0.753469,0.001536,0.000416,1.196975
0.422609,0.017377,0.733949,0.001408,0.000416,1.182383
0.423216,0.017344,0.748830,0.001344,0.000384,1.197391
0.423248,0.017344,0.773023,0.001440,0.000352,1.222736
0.421968,0.017249,0.754398,0.001376,0.000352,1.201584
0.422768,0.017473,0.764094,0.001440,0.000384,1.212367
0.423057,0.017281,0.748541,0.001344,0.000352,1.196783
0.416592,0.017473,0.740733,0.001376,0.000352,1.182094
0.420784,0.017313,0.733117,0.001376,0.000352,1.178702
0.435633,0.017569,0.749309,0.001280,0.000320,1.209583
0.422833,0.017505,0.749437,0.001441,0.000384,1.198448
0.421904,0.017281,0.734045,0.001408,0.000352,1.181102
0.417776,0.017248,0.742205,0.001440,0.000384,1.185135
0.420817,0.017505,0.747037,0.001408,0.000384,1.193935
0.417840,0.017505,0.751358,0.001376,0.000416,1.194703
0.422545,0.017697,0.743389,0.001376,0.000384,1.191535
0.421137,0.017505,0.728572,0.001344,0.000384,1.175023
0.421776,0.017505,0.770014,0.001537,0.000416,1.218416
0.422673,0.017249,0.736253,0.001408,0.000384,1.184559
0.422480,0.017249,0.753406,0.001280,0.000352,1.201647
0.422352,0.017441,0.765886,0.001376,0.000352,1.214831
0.421904,0.017537,0.780159,0.001248,0.000352,1.227440
0.421872,0.017505,0.738813,0.001312,0.000352,1.186318
0.451602,0.017569,0.751229,0.001408,0.000352,1.230032
0.422737,0.017313,0.735260,0.001344,0.000384,1.183439
0.421809,0.017409,0.740253,0.001344,0.000384,1.187631
0.422320,0.017537,0.734749,0.001344,0.000352,1.182766
0.422321,0.017280,0.737085,0.001505,0.000416,1.185039
0.422288,0.017345,0.759134,0.001440,0.000352,1.207439
0.422385,0.017409,0.744893,0.001504,0.000352,1.192975
0.418609,0.017408,0.752670,0.001632,0.000384,1.198159
0.423953,0.017473,0.762942,0.001504,0.000352,1.213520
0.423152,0.017377,0.752606,0.001344,0.000416,1.201807
0.418736,0.017505,0.748733,0.001696,0.000352,1.193902
0.435153,0.017409,0.772990,0.001344,0.000384,1.233776
0.418545,0.017216,0.741502,0.001376,0.000384,1.184271
0.417905,0.017185,0.751069,0.001312,0.000384,1.193007
0.437745,0.017313,0.773374,0.001440,0.000416,1.236624
0.421457,0.017504,0.725693,0.001248,0.000384,1.171598
0.418384,0.017473,0.744477,0.001280,0.000384,1.187502
0.418033,0.017440,0.741886,0.001472,0.000384,1.186447
0.422641,0.017632,0.734077,0.001248,0.000352,1.181550
0.423024,0.017537,0.771070,0.001344,0.000352,1.219888
0.421744,0.017408,0.749086,0.001472,0.000384,1.197423
0.420753,0.017153,0.736957,0.001280,0.000352,1.181999
0.422160,0.017216,0.761886,0.001216,0.000384,1.208719
0.415760,0.017441,0.760574,0.001248,0.000384,1.200591
0.422129,0.017633,0.733949,0.001248,0.000352,1.181071
0.436593,0.017505,0.739869,0.001248,0.000352,1.201359
0.422673,0.017313,0.740189,0.001280,0.000384,1.187631
0.419313,0.017601,0.758750,0.001344,0.000384,1.205360
0.431601,0.017505,0.761726,0.001120,0.000352,1.217808
0.416145,0.017472,0.735389,0.001440,0.000416,1.176718
0.419856,0.017281,0.767134,0.001504,0.000416,1.214447
0.423441,0.018049,0.738045,0.001376,0.000352,1.187983
0.418225,0.017473,0.745789,0.001376,0.000352,1.189455
0.422769,0.017537,0.764286,0.001696,0.000416,1.213584
0.420016,0.017441,0.742461,0.001376,0.000352,1.187918
0.421905,0.017313,0.749117,0.001344,0.000352,1.196431
0.423057,0.017472,0.768351,0.001408,0.000352,1.217488
0.418064,0.017473,0.736765,0.001344,0.000352,1.181070
0.423217,0.017345,0.750685,0.001376,0.000352,1.200271
0.453426,0.017601,0.741821,0.001376,0.000384,1.221200
0.421841,0.017345,0.751229,0.001344,0.000416,1.199215
0.421617,0.017281,0.728284,0.001184,0.000416,1.174735
0.415472,0.017313,0.744925,0.001248,0.000384,1.185134
0.417424,0.017409,0.743069,0.001088,0.000352,1.184462
0.417104,0.017537,0.761214,0.001216,0.000352,1.203215
0.417264,0.017377,0.760094,0.001312,0.000384,1.201999
0.421841,0.017313,0.748061,0.001344,0.000384,1.196751
0.422385,0.017377,0.769086,0.001440,0.000352,1.217296
0.422448,0.017313,0.742237,0.001376,0.000384,1.189742
0.422289,0.017441,0.748125,0.001248,0.000416,1.194991
0.438577,0.017441,0.739645,0.001536,0.000416,1.204111
0.416176,0.017345,0.748317,0.001408,0.000352,1.189807
0.422353,0.017345,0.748669,0.001344,0.000352,1.196431
0.433329,0.017313,0.738301,0.001344,0.000384,1.197167
0.422512,0.017345,0.732829,0.001376,0.000352,1.180526
0.421360,0.017569,0.746909,0.001344,0.000384,1.193743
0.417008,0.017473,0.749886,0.001344,0.000384,1.192943
0.422032,0.017313,0.747901,0.001440,0.000416,1.196271
0.422353,0.017312,0.770783,0.001504,0.000608,1.220336
0.415537,0.017345,0.751901,0.001408,0.000384,1.193551
0.421681,0.017281,0.748541,0.001376,0.000352,1.195599
0.421681,0.017345,0.769438,0.001280,0.000352,1.216336
0.415633,0.017376,0.742558,0.001536,0.000352,1.183119
0.422833,0.017473,0.735324,0.001472,0.000320,1.183343
0.439089,0.017409,0.730077,0.001248,0.000384,1.193775
0.421169,0.017504,0.733053,0.001280,0.000416,1.179502
0.416720,0.017473,0.751229,0.001312,0.000352,1.193870
0.436882,0.017440,0.726685,0.001216,0.000352,1.188943
0.421169,0.017313,0.742333,0.001312,0.000352,1.188335
0.422832,0.017344,0.776927,0.001376,0.000384,1.226896
0.422576,0.017601,0.741981,0.001408,0.000352,1.191087
0.422129,0.017281,0.739613,0.001536,0.000416,1.186767
0.417264,0.017313,0.758302,0.001408,0.000416,1.200239
0.421297,0.017505,0.733437,0.001344,0.000352,1.179855
0.418897,0.017248,0.726621,0.001376,0.000384,1.169806
0.422352,0.017409,0.756766,0.001248,0.000544,1.204047
0.420881,0.017537,0.749757,0.001408,0.000352,1.197103
0.417392,0.017601,0.760670,0.001280,0.000352,1.202895
0.439153,0.017441,0.745053,0.001248,0.000320,1.208431
0.417936,0.017185,0.741565,0.001280,0.000384,1.185134
0.419985,0.017281,0.747389,0.001312,0.000384,1.191599
0.417968,0.017313,0.734205,0.001216,0.000352,1.176078
0.422192,0.017249,0.728893,0.001216,0.000384,1.174958
0.422192,0.017377,0.759966,0.001248,0.000384,1.206095
0.420913,0.017409,0.736028,0.001152,0.000352,1.180719
0.415600,0.017473,0.737117,0.001376,0.000416,1.177326
0.422193,0.017344,0.755998,0.001408,0.000448,1.203983
0.420305,0.017473,0.737437,0.001248,0.000384,1.181903
0.417489,0.017537,0.763966,0.001248,0.000384,1.205296
0.417616,0.017281,0.770366,0.001216,0.000352,1.212207
0.420337,0.017505,0.735037,0.001312,0.000352,1.179631
0.417552,0.017216,0.735389,0.001248,0.000384,1.176814
0.438482,0.017632,0.754974,0.001248,0.000352,1.217808
0.417265,0.017408,0.743742,0.001184,0.000352,1.185007
0.416272,0.017409,0.736093,0.001344,0.000384,1.177102
0.439281,0.017345,0.732189,0.001120,0.000352,1.195983
0.417584,0.017185,0.738653,0.001280,0.000416,1.182766
0.421905,0.017440,0.753406,0.001152,0.000384,1.199343
0.415985,0.017344,0.734909,0.001280,0.000384,1.175022
0.422481,0.017345,0.738749,0.001248,0.000384,1.186287
0.417712,0.018049,0.761182,0.001216,0.000384,1.203791
0.417425,0.017537,0.756285,0.001056,0.000289,1.197776
0.421457,0.017409,0.731517,0.001248,0.000416,1.176911
0.414160,0.017409,0.757054,0.001376,0.000352,1.195279
0.422640,0.017281,0.733341,0.001248,0.000288,1.180142
0.417328,0.017313,0.736061,0.001216,0.000352,1.177710
0.421872,0.017313,0.753918,0.001152,0.000384,1.200879
0.422289,0.017281,0.724028,0.001312,0.000384,1.171246
0.421745,0.017345,0.739773,0.001184,0.000416,1.185487
0.433489,0.017505,0.751485,0.001216,0.000352,1.209391
0.418097,0.017537,0.760317,0.001152,0.000384,1.202000
0.417840,0.017409,0.735837,0.001120,0.000384,1.178030
0.431089,0.017313,0.719260,0.001088,0.000352,1.174318
0.421296,0.018016,0.719101,0.001056,0.000352,1.164782
0.420945,0.017313,0.726556,0.001056,0.000384,1.171022
0.415888,0.017345,0.761342,0.001280,0.000384,1.201647
0.416240,0.017313,0.734397,0.001184,0.000384,1.175310
0.416432,0.017377,0.770878,0.001377,0.000416,1.211536
0.415920,0.017409,0.729021,0.001216,0.000320,1.168686
0.416593,0.017505,0.715516,0.001344,0.000352,1.157070
0.416592,0.017313,0.766078,0.001408,0.000384,1.206927
0.415281,0.017344,0.729148,0.001120,0.000320,1.167918
0.415344,0.017313,0.769374,0.001216,0.000352,1.208015
0.415856,0.017441,0.770654,0.001248,0.000320,1.210287
0.416240,0.017344,0.754302,0.000896,0.000256,1.193615
0.415504,0.017345,0.740829,0.001120,0.000288,1.181006
0.415568,0.017249,0.762974,0.001184,0.000256,1.202287
0.415472,0.017313,0.737629,0.000928,0.000288,1.176046
0.415408,0.017377,0.741725,0.001088,0.000384,1.180430
0.438162,0.017344,0.730621,0.001152,0.000352,1.193039
0.419697,0.017504,0.751997,0.001248,0.000384,1.196111
0.420816,0.017569,0.727677,0.001184,0.000352,1.172654
0.420912,0.017505,0.733757,0.001152,0.000384,1.178798
0.419728,0.017345,0.739517,0.001056,0.000384,1.183086
0.416753,0.017568,0.731325,0.001056,0.000320,1.171694
0.417904,0.017536,0.743901,0.001184,0.000320,1.187119
0.423665,0.017505,0.723388,0.001024,0.000352,1.170990
0.421137,0.017441,0.760029,0.001248,0.000352,1.205360
0.422993,0.017281,0.733276,0.001344,0.000352,1.181935
0.418448,0.017473,0.733437,0.001088,0.000352,1.175694
0.421553,0.017472,0.764286,0.001216,0.000352,1.210000
0.421457,0.017345,0.736445,0.000960,0.000320,1.180783
0.422064,0.017313,0.724892,0.001281,0.000384,1.170606
0.417489,0.017377,0.753117,0.001152,0.000320,1.194639
0.421649,0.017472,0.721437,0.001152,0.000352,1.167086
0.423729,0.017249,0.741757,0.001248,0.000384,1.190959
0.433457,0.017537,0.747293,0.001152,0.000352,1.205327
0.421841,0.017504,0.744542,0.001056,0.000352,1.190799
0.417937,0.017344,0.741854,0.001120,0.000416,1.184079
0.421936,0.017185,0.732765,0.001248,0.000352,1.178702
0.422353,0.017280,0.731900,0.001184,0.000320,1.178126
0.416145,0.017536,0.775327,0.001088,0.000352,1.216272
0.420368,0.017537,0.739357,0.001280,0.000320,1.184174
0.421809,0.017345,0.736541,0.001248,0.000416,1.182319
0.422544,0.017345,0.775775,0.001280,0.000352,1.222288
0.422064,0.017377,0.739197,0.001440,0.000416,1.186222
0.422705,0.017537,0.769790,0.001280,0.000384,1.217328
0.419600,0.017600,0.767166,0.001313,0.000352,1.213008
0.416496,0.017601,0.749213,0.001344,0.000352,1.191662
0.422480,0.017568,0.732765,0.001344,0.000416,1.180430
0.441393,0.017504,0.749662,0.001344,0.000352,1.215920
0.423121,0.017536,0.743678,0.001344,0.000352,1.192047
0.417552,0.017217,0.753629,0.001153,0.000384,1.195087
0.422993,0.017344,0.747198,0.001280,0.000384,1.195055
0.422640,0.017217,0.759774,0.001280,0.000320,1.207183
0.418064,0.017473,0.766046,0.001280,0.000416,1.211343
0.417841,0.017249,0.762558,0.001312,0.000352,1.205168
0.418416,0.017185,0.735069,0.001152,0.000352,1.177070
0.422384,0.017408,0.766174,0.001345,0.000352,1.213680
0.420368,0.017536,0.724925,0.001216,0.000352,1.170318
0.422704,0.017537,0.749245,0.001281,0.000384,1.196527
0.422256,0.017505,0.758462,0.001440,0.000384,1.205743
0.420432,0.017313,0.740733,0.001216,0.000384,1.185614
0.423024,0.017281,0.728797,0.001376,0.000352,1.175790
0.434289,0.017280,0.736829,0.001281,0.000384,1.195695
0.419600,0.017248,0.746462,0.001440,0.000640,1.192815
0.416368,0.017281,0.744509,0.001440,0.000384,1.185998
0.417296,0.017281,0.751517,0.001280,0.000352,1.193454
0.420721,0.017344,0.745214,0.001408,0.000384,1.192719
0.418321,0.017377,0.761149,0.001344,0.000384,1.205424
0.420529,0.017505,0.742205,0.001280,0.000352,1.187887
0.418673,0.017313,0.738141,0.001440,0.000448,1.181839
0.422192,0.017473,0.745469,0.001312,0.000352,1.192687
0.420913,0.017312,0.730141,0.001152,0.000384,1.175758
0.419153,0.017249,0.743773,0.001312,0.000352,1.187503
0.420273,0.017217,0.761566,0.001216,0.000352,1.207344
0.418353,0.017344,0.729244,0.001216,0.000384,1.171566
0.421904,0.017537,0.734941,0.001248,0.000384,1.181998
0.437585,0.017537,0.747069,0.001280,0.000384,1.210511
0.418193,0.017568,0.739358,0.001376,0.000416,1.182255
0.423792,0.017665,0.742397,0.001216,0.000352,1.191471
0.423344,0.017505,0.776831,0.001216,0.000352,1.224496
0.420400,0.017505,0.723548,0.001440,0.000384,1.168813
0.422289,0.017473,0.767710,0.001216,0.000384,1.214384
0.418096,0.017345,0.724092,0.001152,0.000320,1.166382
0.421681,0.017409,0.746237,0.001280,0.000384,1.193583
0.421937,0.017345,0.753117,0.001248,0.000352,1.199600
0.418481,0.017473,0.740605,0.001152,0.000352,1.182735
0.423025,0.017473,0.730844,0.001313,0.000384,1.179087
0.417712,0.017569,0.745757,0.001313,0.000352,1.189071
0.422353,0.017409,0.732668,0.001281,0.000352,1.179727
0.422672,0.017473,0.730141,0.001248,0.000352,1.177678
0.441713,0.017377,0.772606,0.001376,0.000384,1.238928
0.418289,0.017377,0.731676,0.001312,0.000352,1.174575
0.418064,0.017121,0.744605,0.001216,0.000352,1.188014
0.434161,0.017313,0.747390,0.001248,0.000352,1.206480
0.422064,0.017376,0.743870,0.001408,0.000384,1.192175
0.421841,0.017537,0.762366,0.001568,0.000448,1.212496
0.421297,0.017377,0.741789,0.001536,0.000352,1.188463
0.420913,0.017248,0.746270,0.001312,0.000384,1.192335
0.418129,0.017248,0.770847,0.001312,0.000352,1.214960
0.424177,0.017345,0.744477,0.001568,0.000384,1.194511
0.418033,0.017280,0.742014,0.001504,0.000352,1.185807
0.421744,0.017377,0.760638,0.001504,0.000384,1.208239
0.422737,0.017505,0.795999,0.001344,0.000352,1.244145
0.421521,0.017376,0.741982,0.001536,0.000416,1.188271
0.433841,0.017441,0.750397,0.001472,0.000384,1.209584
0.423281,0.017313,0.749053,0.001377,0.000320,1.198544
0.423217,0.017472,0.735517,0.001280,0.000352,1.183438
0.420784,0.017377,0.739229,0.001312,0.000416,1.185134
0.415825,0.017504,0.743166,0.001248,0.000352,1.184431
0.424209,0.017248,0.770271,0.001216,0.000384,1.218640
0.418513,0.017313,0.745245,0.001312,0.000352,1.188687
0.422544,0.017280,0.730493,0.001408,0.000384,1.178158
0.418161,0.017281,0.772446,0.001440,0.000352,1.216880
0.419569,0.017473,0.747165,0.001504,0.000416,1.192623
0.417425,0.017472,0.741150,0.001344,0.000384,1.183919
0.439186,0.017569,0.749917,0.001280,0.000384,1.215184
0.420624,0.017537,0.741661,0.001408,0.000384,1.187566
0.422256,0.017344,0.743869,0.001216,0.000320,1.190671
0.434161,0.017377,0.732893,0.001248,0.000352,1.191727
0.422480,0.017377,0.741821,0.001280,0.000352,1.188942
0.416945,0.017504,0.745374,0.001376,0.000352,1.187023
0.419312,0.017313,0.742077,0.001248,0.000352,1.185902
0.418449,0.017472,0.734205,0.001344,0.000352,1.178094
0.422513,0.017217,0.772606,0.001216,0.000320,1.219312
0.422801,0.017505,0.734205,0.001312,0.000416,1.182671
0.422544,0.017568,0.764670,0.001408,0.000352,1.213199
0.418033,0.017280,0.755646,0.001472,0.000384,1.198863
0.418416,0.017409,0.747133,0.001216,0.000384,1.190767
0.421712,0.017281,0.746846,0.001440,0.000384,1.193583
0.423600,0.039041,0.740061,0.001408,0.000320,1.210991
0.422288,0.017345,0.729917,0.001216,0.000288,1.175694
0.421936,0.017536,0.738333,0.001216,0.000288,1.184558
0.435633,0.017409,0.753022,0.001440,0.000384,1.215184
0.422320,0.017472,0.746046,0.001216,0.000384,1.193263
0.417713,0.017441,0.738301,0.001152,0.000384,1.180143
0.417840,0.017505,0.746045,0.001312,0.000320,1.189262
0.420817,0.017249,0.742205,0.001248,0.000352,1.187151
0.422480,0.017345,0.762046,0.001216,0.000320,1.208879
0.422640,0.017473,0.743773,0.001248,0.000352,1.191790
0.422512,0.017281,0.747294,0.001280,0.000384,1.194991
0.422480,0.017313,0.758334,0.001376,0.000384,1.206095
0.421296,0.017504,0.756062,0.001440,0.000352,1.203695
0.423249,0.017473,0.741565,0.001376,0.000416,1.191599
0.434161,0.017409,0.749181,0.001344,0.000352,1.208143
0.418224,0.017441,0.748093,0.001248,0.000352,1.191310
0.422576,0.017280,0.734877,0.001472,0.000352,1.182638
0.430961,0.017345,0.743453,0.001280,0.000480,1.199855
0.422513,0.017376,0.744030,0.001344,0.000416,1.191119
0.416144,0.017409,0.784863,0.001216,0.000320,1.226384
0.419888,0.017441,0.731421,0.001344,0.000352,1.177070
0.421105,0.017408,0.749310,0.001280,0.000352,1.195503
0.421489,0.018016,0.750622,0.001312,0.000352,1.197743
0.420976,0.017344,0.736797,0.001536,0.000352,1.184526
0.417425,0.017312,0.749822,0.001280,0.000384,1.191823
0.419025,0.017344,0.763134,0.001440,0.000320,1.207792
0.423409,0.017504,0.749886,0.001312,0.000352,1.199215
0.420977,0.017505,0.742365,0.001344,0.000384,1.189327
0.442802,0.017408,0.751102,0.001408,0.000416,1.219024
0.416560,0.017441,0.743261,0.001312,0.000384,1.184846
0.423505,0.017473,0.744893,0.001440,0.000352,1.193615
0.420113,0.017504,0.743774,0.001408,0.000352,1.189711
0.422033,0.017441,0.744317,0.001312,0.000384,1.191599
0.418128,0.017441,0.779326,0.001568,0.000416,1.223280
0.422353,0.017248,0.739453,0.001184,0.000352,1.185775
0.422801,0.017760,0.774847,0.002240,0.000736,1.227504
0.422993,0.018433,0.823232,0.002784,0.000736,1.278418
0.421137,0.017888,0.798207,0.003648,0.000704,1.250737
0.418672,0.017697,0.751966,0.001600,0.000384,1.196751
0.435441,0.017633,0.752573,0.001344,0.000384,1.213743
0.422769,0.017569,0.750717,0.001408,0.000384,1.198959
0.420272,0.017761,0.746397,0.001344,0.000384,1.192207
0.423120,0.017953,0.756510,0.001536,0.000384,1.206767
0.423409,0.017601,0.751869,0.001568,0.000416,1.201647
0.422225,0.017473,0.762558,0.001600,0.000352,1.210672
0.422768,0.017569,0.737277,0.001376,0.000384,1.185774
0.418321,0.017633,0.738141,0.001376,0.000384,1.182223
0.423793,0.017536,0.768671,0.001312,0.000352,1.217776
0.422385,0.017665,0.751837,0.001472,0.000384,1.199664
0.421200,0.017729,0.738397,0.001344,0.000288,1.184175
0.439569,0.017473,0.753278,0.001408,0.000352,1.217936
0.417777,0.017633,0.736669,0.001216,0.000384,1.178927
0.421041,0.017537,0.745725,0.001184,0.000416,1.191919
0.422705,0.017472,0.741501,0.001184,0.000512,1.189167
0.416945,0.018241,0.760381,0.001120,0.000384,1.202960
0.420112,0.017664,0.765470,0.001441,0.000416,1.211760
0.415824,0.017536,0.741821,0.001377,0.000384,1.182703
0.422417,0.017569,0.729404,0.001440,0.000384,1.176878
0.422640,0.017664,0.752094,0.001312,0.000352,1.200719
0.423056,0.017633,0.760222,0.001280,0.000416,1.208111
0.423601,0.017600,0.746398,0.001536,0.000352,1.195599
0.417969,0.017696,0.751582,0.001344,0.000384,1.194607
0.420432,0.017473,0.737821,0.001312,0.000384,1.184014
0.418033,0.017473,0.732540,0.001280,0.000384,1.175278
0.434193,0.017633,0.752286,0.001248,0.000352,1.211248
0.419441,0.018241,0.747709,0.001248,0.000352,1.193519
0.423024,0.017600,0.733501,0.001184,0.000352,1.181518
0.422832,0.017632,0.743070,0.001216,0.000416,1.190895
0.419888,0.017537,0.728477,0.001280,0.000416,1.173102
0.422448,0.017633,0.753918,0.001504,0.000416,1.201615
0.422481,0.017568,0.760062,0.001280,0.000384,1.207407
0.423121,0.017601,0.734717,0.001280,0.000384,1.182863
0.418160,0.017505,0.767230,0.001280,0.000416,1.211247
0.421200,0.017505,0.744541,0.001248,0.000352,1.189999
0.423441,0.017728,0.740061,0.001217,0.000352,1.188847
0.417360,0.017664,0.776639,0.001408,0.000384,1.220848
0.418320,0.017729,0.741277,0.001504,0.000416,1.185902
0.424625,0.017728,0.748158,0.001568,0.000352,1.198479
0.434961,0.017600,0.748542,0.001312,0.000352,1.209712
0.420817,0.017569,0.754557,0.001440,0.000384,1.201007
0.422704,0.017440,0.748446,0.001344,0.000352,1.196751
0.418065,0.017504,0.745310,0.001344,0.000320,1.188687
0.419504,0.017440,0.755006,0.001472,0.000384,1.201135
0.423441,0.017569,0.752861,0.001472,0.000384,1.202415
0.423312,0.017792,0.747902,0.001280,0.000352,1.197071
0.419377,0.017760,0.751678,0.001440,0.000384,1.197455
0.422384,0.017760,0.769151,0.001408,0.000384,1.217232
0.420241,0.017633,0.740221,0.001312,0.000320,1.186287
0.418448,0.017761,0.739869,0.001504,0.000352,1.183790
0.441937,0.017601,0.744925,0.001312,0.000352,1.212015
0.422640,0.017664,0.744638,0.001440,0.000352,1.193071
0.423280,0.017633,0.743133,0.001472,0.000384,1.191470
0.438673,0.017761,0.743645,0.001569,0.000352,1.208976
0.422736,0.017409,0.741693,0.001633,0.000416,1.190767
0.417872,0.017473,0.767550,0.001728,0.000512,1.212943
0.420080,0.017728,0.749758,0.001728,0.000320,1.196879
0.423505,0.017601,0.756669,0.001601,0.000384,1.205744
0.419505,0.017729,0.757054,0.001376,0.000384,1.202160
0.423217,0.017601,0.746237,0.001344,0.000256,1.195183
0.422001,0.017697,0.750237,0.001568,0.000320,1.198799
0.423153,0.017504,0.753629,0.001280,0.000352,1.203119
0.423857,0.017729,0.746685,0.001344,0.000416,1.196751
0.423697,0.017568,0.750942,0.001408,0.000384,1.201679
0.440369,0.017793,0.743293,0.001440,0.000352,1.209647
0.418224,0.017760,0.743645,0.001408,0.000384,1.187855
0.418032,0.017633,0.751710,0.001408,0.000384,1.196431
0.417073,0.017537,0.747869,0.001248,0.000384,1.190479
0.417584,0.017696,0.751454,0.001376,0.000384,1.195247
0.420624,0.017761,0.771070,0.001312,0.000320,1.217680
0.418833,0.017537,0.750333,0.001664,0.000352,1.195055
0.423409,0.017601,0.735293,0.001280,0.000352,1.184623
0.423825,0.017793,0.769758,0.001408,0.000384,1.220336
0.422801,0.017536,0.737533,0.001216,0.000320,1.186351
0.421009,0.017664,0.732957,0.001312,0.000320,1.179630
0.453298,0.017601,0.741821,0.001184,0.000352,1.221392
0.419856,0.017569,0.730909,0.001280,0.000384,1.176046
0.420240,0.017537,0.732893,0.001248,0.000288,1.178510
0.415921,0.017697,0.775262,0.001504,0.000352,1.217552
0.415696,0.017729,0.748254,0.001344,0.000480,1.189967
0.424017,0.017729,0.755166,0.001472,0.000384,1.205424
0.423825,0.017505,0.735420,0.001248,0.000384,1.184655
0.422865,0.017569,0.743933,0.001440,0.000352,1.192783
0.419153,0.017440,0.790687,0.001376,0.000352,1.234833
0.416688,0.017696,0.739965,0.001441,0.000352,1.182703
0.424753,0.017665,0.751165,0.001312,0.000384,1.201839
0.449650,0.017665,0.778398,0.001632,0.000352,1.253713
0.424657,0.017568,0.731357,0.001408,0.000416,1.180814
0.420528,0.017761,0.723740,0.001504,0.000352,1.169389
0.438321,0.017536,0.736989,0.001568,0.000320,1.200975
0.423793,0.017729,0.732508,0.001312,0.000384,1.181231
0.423089,0.017505,0.740157,0.001184,0.000384,1.187471
0.418160,0.017441,0.740509,0.001344,0.000352,1.184366
0.420369,0.017601,0.727836,0.001280,0.000320,1.172430
0.422384,0.017761,0.764478,0.001248,0.000384,1.211503
0.421425,0.017728,0.740605,0.001280,0.000352,1.186735
0.422385,0.017697,0.738045,0.001248,0.000352,1.185167
0.422705,0.017601,0.776670,0.001344,0.000384,1.224081
0.422897,0.017568,0.742910,0.001216,0.000384,1.190543
0.417488,0.017729,0.743229,0.001184,0.000384,1.185166
0.421905,0.017569,0.750877,0.001216,0.000352,1.197199
0.417776,0.017633,0.736797,0.001120,0.000320,1.178990
0.423568,0.017761,0.736701,0.001440,0.000320,1.186446
0.436625,0.017537,0.748957,0.001248,0.000416,1.209487
0.417744,0.017729,0.746493,0.001184,0.000352,1.188750
0.421073,0.017729,0.742141,0.001312,0.000352,1.188815
0.417712,0.017537,0.746845,0.001280,0.000352,1.189263
0.423312,0.017601,0.740957,0.001280,0.000384,1.190607
0.423568,0.017729,0.759134,0.001344,0.000352,1.208975
0.423153,0.017729,0.739165,0.001504,0.000384,1.187759
0.422640,0.017632,0.739325,0.001216,0.000352,1.186478
0.422769,0.017697,0.761950,0.001152,0.000480,1.209616
0.418192,0.017473,0.747677,0.001345,0.000416,1.191535
0.421744,0.017536,0.730749,0.001312,0.000352,1.177838
0.423120,0.017377,0.776991,0.001440,0.000448,1.225392
0.422992,0.017729,0.740061,0.001088,0.000384,1.188078
0.420432,0.017569,0.728605,0.001184,0.000480,1.173550
0.437841,0.017761,0.777183,0.001248,0.000384,1.239633
0.422161,0.017600,0.725629,0.001216,0.000384,1.172526
0.423377,0.017729,0.733564,0.001184,0.000256,1.180943
0.422192,0.017441,0.759582,0.001120,0.000384,1.205423
0.422577,0.017504,0.739549,0.001217,0.000320,1.186991
0.424337,0.017408,0.757758,0.001216,0.000352,1.207919
0.418032,0.017601,0.741053,0.001152,0.000352,1.184206
0.422257,0.017537,0.744477,0.001120,0.000416,1.190895
0.422225,0.017505,0.758270,0.001312,0.000320,1.205168
0.422416,0.017633,0.742461,0.001216,0.000416,1.188846
0.422576,0.017440,0.742205,0.001313,0.000384,1.189423
0.416848,0.017569,0.776318,0.001536,0.000449,1.218480
0.417552,0.017505,0.748637,0.001280,0.000320,1.192302
0.418736,0.017441,0.749214,0.001440,0.000384,1.193711
0.436017,0.017473,0.734013,0.001280,0.000352,1.195535
0.423889,0.017473,0.746813,0.001280,0.000416,1.197007
0.422449,0.017473,0.731900,0.001280,0.000384,1.179150
0.419952,0.017345,0.748221,0.001312,0.000384,1.192622
0.417777,0.017473,0.751293,0.001344,0.000416,1.193647
0.423409,0.017920,0.758622,0.001280,0.000672,1.207951
0.418224,0.017761,0.737245,0.001120,0.000384,1.179758
0.422065,0.017473,0.724284,0.001312,0.000384,1.171311
0.420625,0.017313,0.767038,0.001248,0.000320,1.211632
0.417968,0.017697,0.735165,0.001408,0.000416,1.178222
0.417136,0.017729,0.738077,0.001312,0.000416,1.179790
0.422001,0.017825,0.767230,0.001376,0.000416,1.215472
0.420561,0.017440,0.734557,0.001312,0.000384,1.179502
0.423312,0.017601,0.723709,0.001376,0.000384,1.171278
0.433969,0.017761,0.740189,0.001216,0.000352,1.200623
0.419856,0.017185,0.722492,0.001088,0.000352,1.165678
0.422736,0.017472,0.745630,0.001696,0.000384,1.194447
0.421521,0.017409,0.743581,0.001280,0.000352,1.189839
0.420944,0.017601,0.745821,0.001312,0.000384,1.192878
0.420945,0.017600,0.756094,0.001440,0.000448,1.202479
0.420880,0.017792,0.745406,0.001312,0.000384,1.191631
0.421776,0.017857,0.738685,0.001312,0.000384,1.187054
0.421712,0.017697,0.778751,0.001472,0.000416,1.227376
0.420496,0.018305,0.738397,0.001472,0.000384,1.186030
0.421680,0.017569,0.737789,0.001408,0.000384,1.184686
0.439313,0.017793,0.744893,0.001376,0.000384,1.209327
0.421264,0.017601,0.734941,0.001248,0.000352,1.180846
0.420752,0.017441,0.748318,0.001312,0.000416,1.193583
0.433937,0.017504,0.753534,0.001440,0.000384,1.212399
0.421392,0.017665,0.765278,0.001280,0.000352,1.211407
0.416369,0.017824,0.766239,0.001216,0.000352,1.208432
0.420624,0.017761,0.746942,0.001184,0.000416,1.193231
0.416112,0.017601,0.744573,0.001248,0.000320,1.185134
0.415633,0.017600,0.768063,0.001280,0.000416,1.209616
0.421745,0.017569,0.757758,0.001472,0.000416,1.206288
0.421137,0.017601,0.755357,0.001537,0.000384,1.202480
0.421809,0.036322,0.735452,0.001344,0.000384,1.201552
0.423313,0.017569,0.745661,0.001312,0.000384,1.193551
0.420753,0.017761,0.756317,0.001312,0.000384,1.201808
0.436369,0.017729,0.742941,0.001345,0.000352,1.204304
0.416209,0.017568,0.741726,0.001248,0.000352,1.183439
0.416656,0.017633,0.745949,0.001248,0.000352,1.187598
0.416945,0.017728,0.762398,0.001377,0.000640,1.206832
0.417873,0.017601,0.753661,0.001376,0.000384,1.197999
0.422384,0.017729,0.768254,0.001345,0.000416,1.216592
0.421169,0.017568,0.740669,0.001344,0.000384,1.186895
0.418416,0.017505,0.746557,0.001280,0.000384,1.189582
0.416977,0.017920,0.790336,0.001248,0.000384,1.231377
0.416785,0.017760,0.770591,0.001248,0.000352,1.211696
0.418481,0.017728,0.734557,0.001344,0.000448,1.177678
0.430321,0.017569,0.748093,0.001408,0.000416,1.204559
0.417328,0.017568,0.731549,0.001312,0.000288,1.173486
0.419441,0.017504,0.735741,0.001344,0.000448,1.181038
0.430193,0.018369,0.734045,0.001216,0.000320,1.189615
0.422993,0.017633,0.750141,0.001312,0.000385,1.199472
0.415665,0.017632,0.765758,0.001121,0.000352,1.206512
0.416496,0.017728,0.765406,0.001120,0.000352,1.205904
0.418160,0.017569,0.762750,0.001024,0.000384,1.204399
0.417169,0.017505,0.772062,0.001216,0.000320,1.214000
0.417168,0.017633,0.744573,0.000928,0.000320,1.185454
0.416561,0.017536,0.734972,0.001216,0.000288,1.175631
0.418512,0.017697,0.775166,0.001376,0.000320,1.217744
0.416304,0.017729,0.736509,0.001120,0.000320,1.176462
0.416369,0.017632,0.720733,0.001184,0.000288,1.161806
0.418161,0.017536,0.766526,0.001440,0.000320,1.209008
0.418384,0.017729,0.722684,0.001056,0.000288,1.164653
0.416240,0.017345,0.712476,0.001056,0.000288,1.151725
0.432689,0.017600,0.726397,0.000928,0.000256,1.182606
0.417104,0.017632,0.760862,0.001216,0.000352,1.201519
0.418641,0.017568,0.719581,0.000896,0.000320,1.161486
0.429297,0.017633,0.727708,0.001184,0.000352,1.182478
0.417808,0.017569,0.736285,0.001120,0.000352,1.177934
0.416048,0.017504,0.728157,0.001184,0.000352,1.167694
0.418321,0.017504,0.730396,0.001216,0.000384,1.173742
0.416369,0.017760,0.721021,0.001184,0.000352,1.161358
0.419248,0.018017,0.765054,0.001408,0.000384,1.231184
0.417553,0.017537,0.741757,0.001216,0.000384,1.184559
0.419760,0.017953,0.761726,0.001120,0.000320,1.206415
0.418129,0.017728,0.769407,0.001280,0.000352,1.213200
0.419153,0.017729,0.749469,0.001536,0.000448,1.193519
0.417392,0.017441,0.735901,0.001408,0.000384,1.179118
0.418608,0.017569,0.808288,0.001568,0.000416,1.252305
0.417456,0.017537,0.734461,0.001472,0.000352,1.176814
0.421712,0.017505,0.749789,0.001409,0.000320,1.197487
0.442257,0.017633,0.742461,0.001344,0.000352,1.210383
0.419217,0.017665,0.745821,0.001600,0.000352,1.190767
0.418352,0.017633,0.742205,0.001280,0.000320,1.185358
0.420593,0.017569,0.747645,0.001376,0.000320,1.193071
0.425169,0.017568,0.747646,0.001248,0.000320,1.198767
0.422416,0.017473,0.761758,0.001312,0.000416,1.210127
0.424017,0.017504,0.745341,0.001504,0.000352,1.195407
0.418032,0.017697,0.748317,0.001281,0.000384,1.191855
0.424113,0.017377,0.763838,0.001280,0.000352,1.212592
0.418065,0.017504,0.740990,0.001408,0.000352,1.183503
0.422672,0.017409,0.738877,0.001440,0.000416,1.185678
0.423088,0.017505,0.749821,0.001280,0.000352,1.197071
0.424529,0.017537,0.746173,0.001184,0.000320,1.194927
0.419953,0.017953,0.821312,0.003264,0.000832,1.274194
0.436113,0.017857,0.730717,0.001920,0.000352,1.192815
0.416208,0.017409,0.737821,0.001280,0.000384,1.178446
0.421777,0.017537,0.742205,0.001312,0.000352,1.190351
0.423249,0.017665,0.745949,0.001536,0.000416,1.194671
0.420752,0.017569,0.752126,0.001440,0.000384,1.199119
0.423441,0.017504,0.754557,0.001216,0.000384,1.203727
0.420113,0.017600,0.722877,0.001344,0.000352,1.168078
0.425201,0.017505,0.733181,0.001248,0.000384,1.183279
0.418417,0.017569,0.753149,0.001184,0.000352,1.196463
0.420241,0.017665,0.718844,0.001152,0.000352,1.164686
0.417456,0.017472,0.743005,0.001345,0.000416,1.185359
0.439793,0.017760,0.745694,0.001152,0.000352,1.211056
0.424113,0.017505,0.736253,0.001088,0.000352,1.184367
0.416528,0.017761,0.743229,0.001280,0.000353,1.183695
0.437137,0.017665,0.749566,0.001376,0.000384,1.213008
0.415505,0.017728,0.737309,0.001376,0.000353,1.178031
0.423696,0.017633,0.747998,0.001248,0.000352,1.196655
0.420561,0.017504,0.746110,0.001248,0.000352,1.191471
0.418737,0.017664,0.737533,0.001344,0.000384,1.181838
0.417489,0.017697,0.758974,0.001184,0.000384,1.201424
0.422929,0.017696,0.748734,0.001280,0.000352,1.197167
0.423921,0.017697,0.748477,0.001248,0.000320,1.197679
0.417745,0.018113,0.760861,0.001280,0.000384,1.205552
0.416336,0.017697,0.751869,0.001376,0.000320,1.193519
0.421393,0.017601,0.751005,0.001248,0.000384,1.198415
0.442034,0.017761,0.754557,0.001248,0.000384,1.222288
0.416945,0.017664,0.738365,0.001217,0.000384,1.180399
0.415953,0.017441,0.755229,0.001088,0.000384,1.195343
0.436305,0.017537,0.752478,0.001312,0.000384,1.213904
0.422448,0.017537,0.745277,0.001120,0.000481,1.192687
0.422641,0.017633,0.762238,0.001376,0.000384,1.210288
0.423601,0.017569,0.747325,0.001312,0.000384,1.197327
0.422352,0.017473,0.760446,0.001248,0.000384,1.207215
0.421008,0.017569,0.779199,0.001248,0.000384,1.225584
0.420752,0.017537,0.743485,0.001248,0.000416,1.189710
0.418897,0.017536,0.748414,0.001280,0.000416,1.192687
0.416080,0.017537,0.763518,0.001472,0.000416,1.205327
0.416016,0.017537,0.744861,0.001152,0.000352,1.185646
0.421169,0.017248,0.726589,0.001184,0.000352,1.172302
0.434033,0.017601,0.730365,0.001088,0.000384,1.189295
0.424048,0.017665,0.741501,0.001248,0.000416,1.190191
0.421265,0.017441,0.746557,0.001280,0.000416,1.194479
0.418321,0.017569,0.742877,0.001184,0.000352,1.186127
0.423409,0.017761,0.728156,0.001057,0.000416,1.176207
0.423793,0.017665,0.772830,0.001376,0.000384,1.222928
0.419793,0.017665,0.739805,0.001248,0.000416,1.184559
0.418096,0.017633,0.735069,0.001216,0.000384,1.178286
0.419280,0.017601,0.757374,0.001312,0.000384,1.200591
0.423664,0.017504,0.748990,0.001344,0.000320,1.197039
0.422641,0.017441,0.719772,0.000992,0.000352,1.166222
0.423345,0.017569,0.755006,0.001152,0.000352,1.202480
0.426576,0.017729,0.755390,0.001312,0.000352,1.208816
0.423664,0.017665,0.729597,0.001184,0.000416,1.177934
0.445713,0.017537,0.747678,0.001408,0.000352,1.218544
0.419888,0.017697,0.738397,0.001344,0.000352,1.183022
0.423665,0.017441,0.741885,0.001248,0.000352,1.189551
0.422096,0.017569,0.737021,0.001504,0.000352,1.184174
0.422896,0.017473,0.737277,0.001184,0.000384,1.184174
0.424433,0.017697,0.765758,0.001184,0.000416,1.215184
0.424881,0.017345,0.744701,0.001184,0.000384,1.193903
0.415728,0.017601,0.732957,0.001248,0.000384,1.173678
0.418000,0.017664,0.766462,0.001249,0.000384,1.210352
0.422417,0.017505,0.748445,0.001408,0.000352,1.196175
0.418417,0.017472,0.747710,0.001184,0.000352,1.191023
0.417521,0.017504,0.764447,0.001280,0.000416,1.208080
0.424273,0.017793,0.733629,0.001184,0.000352,1.182415
0.423696,0.018433,0.742045,0.001088,0.000384,1.190670
0.439345,0.017569,0.749405,0.001280,0.000352,1.214447
0.424369,0.018464,0.743006,0.001152,0.000416,1.192303
0.416624,0.017825,0.745693,0.001216,0.000384,1.187598
0.422385,0.017537,0.743997,0.001280,0.000384,1.191311
0.421584,0.017761,0.736445,0.001184,0.000416,1.184494
0.421456,0.017537,0.761246,0.001152,0.000384,1.207375
0.418193,0.018369,0.733341,0.001056,0.000352,1.176943
0.421873,0.018241,0.752029,0.001152,0.000320,1.199983
0.417616,0.017505,0.783807,0.001312,0.000384,1.226640
0.421777,0.017473,0.728444,0.001184,0.000384,1.175214
0.422384,0.017537,0.759326,0.001152,0.000384,1.205295
0.419025,0.017377,0.754205,0.001120,0.000352,1.196976
0.422033,0.017441,0.734269,0.001120,0.000352,1.181679
0.417392,0.019105,0.727549,0.001312,0.000320,1.172206
0.439729,0.017889,0.747805,0.001312,0.000384,1.214351
0.420401,0.017665,0.730236,0.001312,0.000417,1.175791
0.422577,0.017633,0.747613,0.001248,0.000320,1.196143
0.420401,0.017761,0.743261,0.001280,0.000384,1.188751
0.423633,0.017537,0.741853,0.001280,0.000352,1.190287
0.418097,0.017505,0.761918,0.001376,0.000384,1.204592
0.422224,0.017728,0.745374,0.002048,0.000384,1.195695
0.420400,0.017697,0.746525,0.001408,0.000384,1.192750
0.422801,0.017696,0.757886,0.001216,0.000352,1.206063
0.418384,0.017473,0.742045,0.001472,0.000416,1.186126
0.422256,0.017569,0.749437,0.001409,0.000320,1.196975
0.425072,0.017505,0.765406,0.001344,0.000352,1.215183
0.423216,0.017632,0.744606,0.001312,0.000352,1.193711
0.418097,0.017697,0.740957,0.001216,0.000416,1.183983
0.438545,0.017569,0.738429,0.000960,0.000352,1.200879
0.418384,0.017697,0.746205,0.001248,0.000352,1.189454
0.418065,0.017536,0.744734,0.001344,0.000384,1.187375
0.419249,0.017633,0.744349,0.001248,0.000384,1.189423
0.417840,0.017633,0.740765,0.001440,0.000416,1.183182
0.422384,0.017504,0.748446,0.001280,0.000416,1.196943
0.418768,0.017728,0.733277,0.001280,0.000352,1.177486
0.422065,0.017729,0.740253,0.001280,0.000352,1.187375
0.422320,0.017697,0.772958,0.001312,0.000641,1.220656
0.423889,0.017345,0.746525,0.001440,0.000352,1.195855
0.423984,0.017761,0.740957,0.001504,0.000352,1.190670
0.417392,0.017761,0.776830,0.001216,0.000352,1.219056
0.417104,0.017504,0.745854,0.001248,0.000352,1.188015
0.418321,0.017761,0.741821,0.001280,0.000416,1.185391
0.433329,0.017536,0.735869,0.001152,0.000352,1.194094
0.422480,0.017472,0.745598,0.001280,0.000480,1.194767
0.423120,0.017920,0.742430,0.001248,0.000352,1.192047
0.422705,0.017665,0.749021,0.001280,0.000416,1.196687
0.421169,0.017473,0.753245,0.001344,0.000352,1.201968
0.417584,0.017505,0.766206,0.001472,0.000384,1.210639
0.421713,0.017792,0.745662,0.001344,0.000384,1.192879
0.421969,0.017633,0.727548,0.001248,0.000384,1.174926
0.416912,0.017505,0.758270,0.001408,0.000384,1.201135
0.420145,0.017569,0.747325,0.001376,0.000352,1.192527
0.422321,0.017536,0.742302,0.001248,0.000352,1.189679
0.438705,0.017889,0.732156,0.001249,0.000352,1.197775
0.423441,0.017473,0.743453,0.001408,0.000384,1.193071
0.422705,0.017665,0.743485,0.001312,0.000384,1.191887
0.441682,0.017761,0.739389,0.001248,0.000352,1.206832
0.423185,0.017728,0.735549,0.001312,0.000384,1.183758
0.422769,0.017633,0.743293,0.001024,0.000384,1.190383
0.423089,0.017537,0.746365,0.001088,0.000352,1.193167
0.416976,0.017281,0.742429,0.001216,0.000352,1.182798
0.417681,0.017857,0.765214,0.001216,0.000448,1.207920
0.421553,0.017537,0.741725,0.001088,0.000352,1.186895
0.417841,0.017537,0.734749,0.001248,0.000352,1.177807
0.420432,0.017665,0.759550,0.001216,0.000256,1.204751
0.422704,0.017825,0.756446,0.001408,0.000352,1.205551
0.423056,0.018433,0.740221,0.001280,0.000352,1.190446
0.436593,0.017729,0.742525,0.001056,0.000288,1.203311
0.422864,0.017505,0.741917,0.001120,0.000352,1.190062
0.417905,0.017632,0.737853,0.001248,0.000384,1.180847
0.432657,0.017761,0.746429,0.001184,0.000416,1.204560
0.421936,0.017505,0.738685,0.001280,0.000384,1.185678
0.423280,0.017537,0.743037,0.001088,0.000352,1.189966
0.416017,0.017537,0.748701,0.001376,0.000384,1.190287
0.422545,0.017793,0.751805,0.001248,0.000384,1.199887
0.417489,0.017504,0.770879,0.001440,0.000384,1.214384
0.420849,0.017696,0.748254,0.001376,0.000384,1.194575
0.421777,0.017633,0.740701,0.001088,0.000352,1.187183
0.422033,0.017537,0.771902,0.001344,0.000384,1.219248
0.420656,0.017377,0.743741,0.001184,0.000352,1.189134
0.418352,0.017568,0.728285,0.001376,0.000384,1.171662
0.438194,0.017568,0.772479,0.001344,0.000384,1.236497
0.419825,0.017632,0.742782,0.001408,0.000448,1.188335
0.422097,0.017536,0.747934,0.001280,0.000416,1.196399
0.420273,0.017600,0.738717,0.001344,0.000352,1.183471
0.423761,0.017760,0.751486,0.001280,0.000352,1.201647
0.415920,0.017569,0.753374,0.001088,0.000320,1.193743
0.418833,0.017568,0.745918,0.001376,0.000352,1.190223
0.418161,0.017664,0.735517,0.001344,0.000416,1.178990
0.415889,0.017536,0.751902,0.001216,0.000384,1.192047
0.417872,0.017825,0.718268,0.001280,0.000352,1.160429
0.415856,0.017633,0.726813,0.001152,0.000352,1.166414
0.419440,0.017761,0.769758,0.001312,0.000385,1.215472
0.420624,0.017793,0.743165,0.001312,0.000480,1.190478
0.421328,0.017793,0.747357,0.001344,0.000384,1.194223
0.435441,0.017601,0.749309,0.001248,0.000416,1.211119
0.419953,0.017632,0.744254,0.001376,0.000416,1.189487
0.420752,0.017697,0.742685,0.001248,0.000352,1.188943
0.422224,0.017761,0.748958,0.001312,0.000384,1.197679
0.421296,0.017537,0.748222,0.001344,0.000352,1.194767
0.416016,0.017857,0.767038,0.001216,0.000352,1.208463
0.421329,0.017728,0.746686,0.001280,0.000352,1.193103
0.421457,0.017761,0.745245,0.001408,0.000608,1.192975
0.417616,0.017729,0.766526,0.001248,0.000352,1.209711
0.421233,0.017633,0.730844,0.001281,0.000416,1.177935
0.416145,0.017825,0.745117,0.001408,0.000384,1.187439
0.437809,0.017537,0.749214,0.001216,0.000320,1.211856
0.417072,0.017537,0.743677,0.001248,0.000384,1.185870
0.417297,0.018080,0.754109,0.002112,0.000384,1.199407
0.416720,0.017601,0.723581,0.001280,0.000384,1.166126
0.420464,0.017441,0.748829,0.001216,0.000352,1.194318
0.421521,0.017505,0.775358,0.001376,0.000320,1.221424
0.421713,0.017633,0.747709,0.001440,0.000480,1.194799
0.421105,0.017665,0.753533,0.001344,0.000384,1.200463
0.421297,0.017729,0.788607,0.001504,0.000352,1.236689
0.420881,0.017633,0.747933,0.001376,0.000352,1.195151
0.416945,0.017793,0.750109,0.001344,0.000384,1.193007
0.437777,0.017665,0.742845,0.001216,0.000384,1.205967
0.419857,0.017569,0.741917,0.001216,0.000384,1.186703
0.420401,0.017696,0.745118,0.001152,0.000352,1.190511
0.423792,0.017728,0.733053,0.001312,0.000384,1.182766
0.420592,0.017569,0.740669,0.001248,0.000416,1.186190
0.421361,0.017793,0.765374,0.001248,0.000384,1.213840
0.420849,0.017664,0.746814,0.001280,0.000384,1.193103
0.420272,0.017761,0.747870,0.001344,0.000384,1.193903
0.422032,0.017473,0.762334,0.001344,0.000320,1.211727
0.420465,0.017824,0.737693,0.001312,0.000352,1.183502
0.420817,0.017505,0.747517,0.001184,0.000352,1.193487
0.421105,0.017665,0.746141,0.001216,0.000384,1.207631
0.420592,0.017472,0.747774,0.001216,0.000384,1.193295
0.420944,0.017537,0.731165,0.001280,0.000352,1.177486
0.439153,0.017537,0.737853,0.001344,0.000352,1.202415
0.417072,0.017601,0.743037,0.001376,0.000352,1.186350
0.422992,0.017601,0.747773,0.001409,0.000352,1.196111
0.419824,0.017568,0.750078,0.001408,0.000416,1.195951
0.420688,0.017601,0.750686,0.001280,0.000352,1.197391
0.420880,0.017569,0.757470,0.001376,0.000384,1.204527
0.419856,0.017665,0.735357,0.001376,0.000352,1.180558
0.421680,0.017664,0.748254,0.001312,0.000416,1.195375
0.420240,0.017536,0.760350,0.001248,0.000320,1.205743
0.420337,0.017441,0.737277,0.001344,0.000384,1.182735
0.420624,0.017729,0.743997,0.001344,0.000384,1.190734
0.439185,0.017569,0.747549,0.001344,0.000384,1.212847
0.415504,0.017697,0.741341,0.001312,0.000384,1.182446
0.420913,0.017632,0.723581,0.001344,0.000384,1.170414
0.423697,0.017857,0.756478,0.001344,0.000384,1.205872
0.415664,0.017633,0.752509,0.001408,0.000384,1.193326
0.420945,0.017793,0.761726,0.001248,0.000352,1.208624
0.421457,0.017505,0.748893,0.001280,0.000416,1.195887
0.420304,0.017825,0.745053,0.001280,0.000320,1.190895
0.420528,0.017953,0.768126,0.001408,0.000384,1.214544
0.420496,0.017824,0.751102,0.001280,0.000384,1.197007
0.420433,0.017537,0.750781,0.001344,0.000416,1.197359
0.438705,0.017505,0.747453,0.001248,0.000352,1.211919
0.420561,0.017889,0.752445,0.001377,0.000416,1.198576
0.417200,0.017505,0.743453,0.001408,0.000352,1.186542
0.422961,0.017569,0.751005,0.001345,0.000384,1.199504
0.421329,0.017728,0.747294,0.001344,0.000352,1.194383
0.421041,0.017760,0.765022,0.001344,0.000352,1.211728
0.422512,0.017793,0.768286,0.001216,0.000352,1.215919
0.423473,0.017632,0.741566,0.001280,0.000352,1.190511
0.416272,0.017569,0.761822,0.001248,0.000384,1.203471
0.422608,0.017665,0.744413,0.001248,0.000352,1.193263
0.417489,0.017697,0.748413,0.001184,0.000384,1.191087
0.432305,0.017568,0.750910,0.001248,0.000384,1.209616
0.423409,0.017793,0.732220,0.001344,0.000385,1.180623
0.422865,0.017537,0.740285,0.001376,0.000384,1.187855
0.435921,0.017665,0.752606,0.001248,0.000352,1.214448
0.423217,0.017664,0.742686,0.001216,0.000416,1.190415
0.417296,0.017761,0.741437,0.001312,0.000384,1.183662
0.420273,0.017696,0.740702,0.001408,0.000384,1.185871
0.424144,0.017537,0.736637,0.001248,0.000384,1.185806
0.421297,0.017505,0.766494,0.001408,0.000416,1.213968
0.422321,0.017536,0.745982,0.001440,0.000384,1.193519
0.421265,0.017760,0.747518,0.001344,0.000416,1.195535
0.423569,0.017537,0.771134,0.001344,0.000352,1.219824
0.423857,0.017825,0.750301,0.001408,0.000384,1.199984
