Layer[0],Layer[1],Layer[2],IN[3],INFER[3-4],OUT[4],TEE[3-4],Layer[5],Layer[6],Layer[7],Layer[8],Layer[9],Layer[10],classifier
0.504207,0.018112,0.195142,0.127620,0.109795,0.067010,0.310281,0.001344,0.015329,0.000384,0.001632,0.012256,0.000608,1.067359
0.397260,0.017824,0.194246,0.149157,0.087874,0.063490,0.303945,0.000768,0.015169,0.000384,0.001664,0.001312,0.000416,0.941084
0.401292,0.017377,0.194246,0.143524,0.089986,0.063745,0.300520,0.000768,0.015521,0.000384,0.001664,0.001312,0.000416,0.940476
0.397004,0.017408,0.193062,0.132452,0.089603,0.063970,0.289449,0.000768,0.016128,0.000352,0.001600,0.001184,0.000352,0.925083
0.398060,0.017472,0.192390,0.149732,0.090243,0.064674,0.308073,0.000864,0.015681,0.000384,0.001600,0.001152,0.000352,0.944188
0.397740,0.017664,0.193126,0.134244,0.085858,0.065089,0.288520,0.000769,0.015616,0.000416,0.001664,0.000992,0.000384,0.924987
0.396524,0.017536,0.191878,0.146052,0.087683,0.064802,0.301577,0.001024,0.015776,0.000416,0.001632,0.001024,0.000416,0.935772
0.414733,0.017728,0.192102,0.144164,0.096707,0.070562,0.314761,0.000768,0.014913,0.000384,0.001600,0.001184,0.000352,0.966397
0.396716,0.017376,0.192710,0.140164,0.088387,0.065730,0.297481,0.000704,0.015072,0.000448,0.001664,0.001088,0.000416,0.930971
0.396460,0.017376,0.191654,0.140868,0.088675,0.062082,0.294633,0.000704,0.014496,0.000384,0.001568,0.001056,0.000352,0.925979
0.395979,0.017569,0.216966,0.136772,0.095171,0.065794,0.301001,0.001056,0.014209,0.000416,0.001472,0.001216,0.000384,0.958396
0.397548,0.017600,0.192134,0.138692,0.087011,0.062882,0.292009,0.001056,0.014496,0.000384,0.001632,0.001024,0.000416,0.925883
0.396587,0.017601,0.192198,0.132260,0.088546,0.063202,0.287080,0.000640,0.014881,0.000416,0.001568,0.001120,0.000416,0.920187
0.397100,0.017376,0.191622,0.143748,0.088483,0.063650,0.298985,0.000736,0.014720,0.000352,0.001600,0.001408,0.000384,0.931644
0.396748,0.017600,0.192422,0.134564,0.091331,0.067266,0.297033,0.000736,0.014464,0.000384,0.001568,0.001184,0.000416,0.930171
0.396748,0.017665,0.191685,0.145605,0.088450,0.067362,0.305769,0.000833,0.014976,0.000640,0.001568,0.001216,0.000352,0.940156
0.396460,0.017665,0.192069,0.147173,0.086978,0.063490,0.300905,0.000768,0.015137,0.000384,0.001504,0.001568,0.000384,0.934460
0.415628,0.017601,0.192166,0.143748,0.094915,0.068706,0.310729,0.001024,0.014816,0.000384,0.001568,0.001120,0.000384,0.962940
0.396940,0.017600,0.191973,0.135908,0.087523,0.063810,0.290505,0.000704,0.014848,0.000384,0.001568,0.001344,0.000384,0.923643
0.396556,0.017313,0.192005,0.140388,0.086083,0.062114,0.291721,0.000768,0.014336,0.000416,0.001472,0.001184,0.000384,0.923803
0.396972,0.017601,0.191813,0.474991,0.112259,0.068642,0.659316,0.000736,0.014336,0.000416,0.001537,0.001024,0.000384,1.291879
0.395563,0.017409,0.191525,0.139845,0.087874,0.064834,0.295913,0.000736,0.014753,0.000416,0.001504,0.001280,0.000416,0.926908
0.396364,0.017505,0.191877,0.141285,0.087938,0.064290,0.296777,0.000832,0.014433,0.000384,0.001536,0.001312,0.000352,0.928572
0.395692,0.017376,0.191526,0.142180,0.114596,0.094594,0.354954,0.000736,0.014913,0.000416,0.001504,0.001120,0.000384,0.986621
0.396172,0.017408,0.191910,0.140484,0.086915,0.063618,0.293961,0.000800,0.014400,0.000416,0.001536,0.000992,0.000384,0.926075
0.396108,0.017313,0.192005,0.148197,0.088386,0.065058,0.304777,0.000736,0.015041,0.000448,0.001568,0.001216,0.000448,0.936860
0.396716,0.017569,0.191525,0.144292,0.087715,0.063586,0.298729,0.000736,0.014785,0.000416,0.001568,0.000960,0.000352,0.931484
0.395852,0.017601,0.191717,0.143717,0.088706,0.066562,0.302505,0.000736,0.014753,0.000416,0.001632,0.001472,0.000416,0.934716
0.396235,0.017441,0.191717,0.145828,0.097635,0.069346,0.316266,0.001056,0.015008,0.000576,0.001664,0.001024,0.000385,0.948797
0.395756,0.017473,0.192133,0.141605,0.089186,0.065698,0.299657,0.000768,0.014753,0.000384,0.001536,0.001056,0.000416,0.931452
0.415884,0.017761,0.192006,0.147684,0.099939,0.065922,0.316713,0.000832,0.014720,0.000320,0.001568,0.000960,0.000352,0.969277
0.396780,0.017441,0.191973,0.140101,0.090050,0.063714,0.296937,0.000768,0.014593,0.000384,0.001600,0.001088,0.000320,0.929404
0.396332,0.017344,0.191750,0.145988,0.088963,0.064514,0.302697,0.000704,0.014656,0.000416,0.001537,0.001056,0.000384,0.933980
0.395436,0.017473,0.192197,0.164357,0.118084,0.062754,0.348491,0.000704,0.014240,0.000416,0.001568,0.001056,0.000352,0.978845
0.395532,0.017568,0.192038,0.140580,0.090755,0.065602,0.300361,0.000768,0.014656,0.000384,0.001569,0.001152,0.000352,0.931580
0.396587,0.017537,0.192326,0.128739,0.087714,0.064610,0.284680,0.000768,0.014561,0.000416,0.001568,0.000992,0.000352,0.917627
0.396363,0.017344,0.191878,0.123971,0.087075,0.063682,0.277896,0.000672,0.015200,0.000352,0.001633,0.001088,0.000320,0.911003
0.396332,0.017536,0.191526,0.134212,0.087043,0.063201,0.287689,0.000768,0.014272,0.000384,0.001504,0.001184,0.000384,0.918811
0.396108,0.017408,0.191942,0.140132,0.085507,0.061730,0.290281,0.000768,0.014560,0.000416,0.001504,0.000992,0.000352,0.921467
0.396972,0.017536,0.192454,0.153189,0.090658,0.069794,0.317193,0.000864,0.015008,0.000416,0.001728,0.001248,0.000640,0.950940
0.429133,0.017856,0.194598,0.158277,0.104707,0.073570,0.340266,0.001024,0.015489,0.000416,0.001568,0.001600,0.000576,1.012062
0.396012,0.017409,0.192421,0.146917,0.090178,0.068834,0.309385,0.000896,0.015456,0.000384,0.001568,0.001408,0.000352,0.942844
0.396268,0.017536,0.191974,0.146789,0.086626,0.074754,0.311529,0.000704,0.014689,0.000384,0.001568,0.001344,0.000608,0.943804
0.395212,0.017440,0.210662,0.140741,0.096066,0.066881,0.307050,0.001024,0.014752,0.000352,0.001472,0.001024,0.000608,0.957276
0.395659,0.017345,0.192358,0.146084,0.088387,0.063746,0.301225,0.000736,0.014848,0.000384,0.001568,0.001120,0.000384,0.932635
0.397228,0.017505,0.192933,0.132644,0.086627,0.065250,0.288489,0.000736,0.014912,0.000416,0.001600,0.001025,0.000608,0.923388
0.396044,0.017505,0.191973,0.142661,0.087394,0.063458,0.296905,0.000704,0.014273,0.000576,0.001472,0.000992,0.000576,0.928540
0.395660,0.017537,0.192389,0.166661,0.087811,0.064386,0.321994,0.000736,0.014368,0.000416,0.001504,0.001056,0.000384,0.952988
0.395756,0.017313,0.191717,0.141925,0.085954,0.062370,0.293225,0.000704,0.014144,0.000384,0.001600,0.001120,0.000640,0.923836
0.395403,0.017537,0.191974,0.140036,0.086658,0.063330,0.292936,0.000704,0.014241,0.000384,0.001536,0.001024,0.000352,0.922619
0.412396,0.017633,0.191781,0.141413,0.095811,0.065249,0.305770,0.000704,0.014080,0.000416,0.001536,0.000960,0.000416,0.953148
0.396492,0.017568,0.191878,0.140996,0.086243,0.063746,0.294025,0.000672,0.015264,0.000416,0.001536,0.001024,0.000352,0.926907
0.395244,0.017408,0.191750,0.137572,0.086467,0.063234,0.290441,0.000672,0.014400,0.000384,0.001536,0.001024,0.000384,0.920507
0.395884,0.017345,0.191749,0.149285,0.093283,0.064609,0.310410,0.000992,0.014944,0.000384,0.001504,0.001088,0.000384,0.941852
0.395627,0.017377,0.191526,0.129507,0.085507,0.062562,0.280808,0.000704,0.014304,0.000352,0.001600,0.001024,0.000352,0.910875
0.401675,0.017633,0.194022,0.130372,0.089634,0.066946,0.290408,0.000736,0.014369,0.000384,0.001632,0.001120,0.000384,0.930395
0.396140,0.017505,0.192261,0.125988,0.087651,0.064834,0.281641,0.000736,0.015488,0.000416,0.001568,0.000992,0.000352,0.914363
0.395084,0.017505,0.191621,0.144549,0.087842,0.063970,0.299497,0.000736,0.014337,0.000416,0.001536,0.001024,0.000416,0.929148
0.395435,0.017569,0.192294,0.144196,0.087010,0.066178,0.300456,0.000704,0.014273,0.000384,0.001536,0.000992,0.000416,0.931195
0.394956,0.017632,0.192166,0.142852,0.086435,0.064386,0.296777,0.000704,0.014592,0.000416,0.001600,0.000928,0.000576,0.927419
0.418476,0.017600,0.192774,0.146436,0.095651,0.066018,0.311465,0.000992,0.014624,0.000384,0.001601,0.001120,0.000384,0.967805
0.395179,0.017377,0.192006,0.142468,0.085250,0.062882,0.294024,0.000704,0.014305,0.000384,0.001568,0.000960,0.000384,0.924315
0.395147,0.017313,0.192486,0.142212,0.087171,0.063649,0.296072,0.000704,0.015328,0.000384,0.001536,0.000992,0.000384,0.928027
0.395340,0.017504,0.191589,0.132868,0.102435,0.075714,0.314601,0.000705,0.015072,0.000448,0.001568,0.000992,0.000416,0.945340
0.395275,0.017473,0.192134,0.137860,0.096131,0.067810,0.304969,0.000800,0.014272,0.000384,0.001600,0.001024,0.000640,0.935835
0.395980,0.017472,0.196070,0.148677,0.087970,0.064674,0.305033,0.000800,0.014625,0.000352,0.001664,0.001184,0.000608,0.941660
0.395116,0.017696,0.192614,0.143172,0.088899,0.066050,0.301161,0.000800,0.014465,0.000384,0.001536,0.000992,0.000352,0.932348
0.395052,0.017569,0.192549,0.169893,0.089379,0.063266,0.325898,0.000704,0.014369,0.000448,0.001632,0.001024,0.000384,0.956861
0.394604,0.017409,0.192325,0.145061,0.087714,0.065698,0.301289,0.000672,0.014241,0.000384,0.001568,0.001024,0.000384,0.930972
0.396203,0.018016,0.192614,0.164645,0.092611,0.071810,0.332746,0.000896,0.015552,0.000576,0.001536,0.001696,0.000704,0.970172
0.413453,0.018304,0.192454,0.195846,0.100771,0.073378,0.373867,0.001120,0.015937,0.000608,0.001760,0.002240,0.000544,1.031807
0.395723,0.017824,0.192614,0.132132,0.090210,0.070467,0.296553,0.000864,0.015264,0.000352,0.001792,0.001184,0.000320,0.929755
0.394988,0.017824,0.192838,0.133988,0.088322,0.062689,0.288264,0.000768,0.015137,0.000384,0.001632,0.000896,0.000320,0.919739
0.395691,0.017697,0.208358,0.143492,0.093795,0.063778,0.304681,0.000736,0.014625,0.000352,0.001792,0.000992,0.000320,0.953020
0.395371,0.017633,0.192517,0.130723,0.087043,0.062786,0.284264,0.000704,0.014368,0.000352,0.001568,0.001056,0.000320,0.915356
0.399756,0.017665,0.192389,0.126660,0.096227,0.062722,0.289417,0.000672,0.014880,0.000384,0.001568,0.001152,0.000352,0.926812
0.395852,0.017632,0.192134,0.132644,0.088962,0.064322,0.289576,0.000704,0.014657,0.000384,0.001536,0.001024,0.000608,0.921307
0.394796,0.017504,0.192102,0.131236,0.086211,0.061953,0.283208,0.000705,0.014368,0.000352,0.001472,0.000928,0.000384,0.912763
0.398795,0.017601,0.191846,0.136868,0.085922,0.061474,0.287720,0.000672,0.014337,0.000384,0.001536,0.000896,0.000640,0.921147
0.394316,0.017313,0.192133,0.140580,0.088003,0.062754,0.294857,0.000672,0.014656,0.000352,0.001505,0.000960,0.000416,0.923996
0.417005,0.017472,0.191942,0.143620,0.097091,0.064898,0.308809,0.000960,0.014433,0.000384,0.001568,0.000992,0.000384,0.961405
0.399468,0.017281,0.191653,0.129156,0.086147,0.066914,0.285289,0.000672,0.014304,0.000416,0.001440,0.000896,0.000576,0.918971
0.394956,0.017344,0.191494,0.140068,0.084643,0.061217,0.289033,0.000704,0.014688,0.000384,0.001440,0.001024,0.000608,0.918683
0.394795,0.017344,0.192198,0.135332,0.107491,0.070850,0.317257,0.000736,0.014465,0.000448,0.001440,0.001024,0.000672,0.948476
0.395468,0.017600,0.192838,0.136452,0.091171,0.066114,0.296969,0.000800,0.014848,0.000384,0.001632,0.001152,0.000608,0.929660
0.394700,0.017665,0.192325,0.135236,0.087459,0.066690,0.293001,0.000704,0.014752,0.000448,0.001600,0.000992,0.000384,0.924124
0.395756,0.017536,0.192453,0.140420,0.085155,0.063618,0.292425,0.000704,0.014720,0.000384,0.001536,0.000992,0.000672,0.923868
0.409324,0.017601,0.192165,0.131972,0.096643,0.063618,0.295177,0.000704,0.014464,0.000385,0.001472,0.000928,0.000640,0.939836
0.394764,0.017376,0.192230,0.138916,0.087363,0.064034,0.293577,0.000704,0.014496,0.000384,0.001504,0.000896,0.000384,0.922747
0.394443,0.017472,0.191878,0.143524,0.085539,0.067074,0.299049,0.000608,0.014528,0.000384,0.001504,0.000928,0.000384,0.928155
0.399116,0.017249,0.209862,0.144324,0.095171,0.073378,0.315977,0.001024,0.014049,0.000416,0.001504,0.000960,0.000384,0.968701
0.399724,0.017440,0.192390,0.145380,0.085603,0.063106,0.298441,0.000736,0.014464,0.000352,0.001472,0.000928,0.000288,0.932859
0.398763,0.017632,0.191782,0.161797,0.087234,0.068482,0.320521,0.000640,0.014241,0.000352,0.001504,0.000928,0.000384,0.953532
0.394956,0.017376,0.192070,0.130052,0.083458,0.060098,0.276488,0.000672,0.014241,0.000384,0.001440,0.000896,0.000352,0.905915
0.397036,0.017761,0.193445,0.131108,0.086243,0.068898,0.289705,0.001120,0.014784,0.000416,0.001537,0.001152,0.000320,0.926076
0.399916,0.017729,0.192805,0.139877,0.086370,0.062658,0.291689,0.000704,0.014273,0.000384,0.001472,0.000928,0.000352,0.927324
0.395724,0.017536,0.192358,0.140612,0.087075,0.062850,0.293481,0.000704,0.014208,0.000384,0.001536,0.001024,0.000320,0.924315
0.428173,0.017536,0.192198,0.143940,0.095651,0.063810,0.306249,0.000768,0.014113,0.000384,0.001504,0.000896,0.000352,0.969437
0.399724,0.017473,0.191909,0.143236,0.085250,0.061538,0.293033,0.000736,0.014272,0.000384,0.001536,0.000960,0.000705,0.927836
0.396364,0.017472,0.192102,0.128388,0.087362,0.060417,0.279432,0.001024,0.014529,0.000416,0.001472,0.000928,0.000320,0.911131
0.399435,0.017345,0.192070,0.140996,0.103811,0.080482,0.328649,0.001024,0.014561,0.000352,0.001536,0.001088,0.000640,0.964380
0.395532,0.017281,0.192229,0.133572,0.085859,0.061410,0.283625,0.000672,0.014208,0.000352,0.001472,0.000960,0.000576,0.913467
0.394892,0.017280,0.192070,0.146340,0.086338,0.062466,0.298153,0.000672,0.014400,0.000352,0.001505,0.000928,0.000544,0.927548
0.394380,0.017696,0.192262,0.135588,0.096099,0.060066,0.294697,0.000864,0.014400,0.000384,0.001504,0.000992,0.000352,0.924923
0.412588,0.017728,0.192677,0.132548,0.095171,0.067010,0.297993,0.000864,0.014176,0.000353,0.001600,0.001088,0.000352,0.947388
0.395404,0.017313,0.192357,0.137125,0.085506,0.060610,0.286121,0.000736,0.015584,0.000384,0.001632,0.000928,0.000416,0.918780
0.394092,0.017728,0.191782,0.141988,0.086659,0.061538,0.293161,0.000672,0.014240,0.000384,0.001536,0.000896,0.000352,0.921851
0.394123,0.017313,0.223335,0.128899,0.098755,0.062754,0.293576,0.000704,0.014081,0.000384,0.001472,0.000928,0.000320,0.953340
0.393868,0.017248,0.191942,0.144196,0.083107,0.059554,0.289737,0.000672,0.014208,0.000352,0.001440,0.000928,0.000320,0.917531
0.394635,0.017537,0.191814,0.114147,0.084771,0.062209,0.265671,0.000672,0.013921,0.000384,0.001504,0.000928,0.000320,0.894298
0.394252,0.017537,0.192133,0.133092,0.101731,0.061538,0.299209,0.000672,0.014177,0.000384,0.001504,0.000960,0.000416,0.928444
0.394156,0.017472,0.191878,0.137988,0.084259,0.060705,0.285864,0.000768,0.014689,0.000416,0.001504,0.000992,0.000384,0.915323
0.394283,0.017537,0.191685,0.132740,0.084963,0.061058,0.281577,0.000736,0.014176,0.000384,0.001472,0.000992,0.000576,0.910298
0.394284,0.017376,0.191846,0.133412,0.086274,0.061954,0.284328,0.000704,0.014049,0.000352,0.001472,0.000960,0.000352,0.912571
0.395372,0.017601,0.210694,0.130500,0.089922,0.065922,0.289352,0.000704,0.014593,0.000416,0.001536,0.001152,0.000384,0.939676
0.399212,0.017280,0.191782,0.124100,0.100291,0.061954,0.289257,0.000704,0.014272,0.000352,0.001504,0.000928,0.000576,0.923131
0.395468,0.017633,0.191717,0.141509,0.088162,0.062530,0.295593,0.001120,0.014977,0.000384,0.001664,0.001344,0.000320,0.929884
0.394379,0.017728,0.191974,0.136676,0.085218,0.063170,0.288072,0.000864,0.034721,0.000672,0.001600,0.000960,0.000352,0.938908
0.394892,0.017440,0.192102,0.121604,0.086274,0.064898,0.275784,0.001056,0.014657,0.000384,0.001504,0.000992,0.000256,0.906203
0.400268,0.017473,0.192005,0.140869,0.086146,0.065250,0.295433,0.000672,0.014113,0.000384,0.001536,0.000928,0.000256,0.930492
0.394924,0.017600,0.191238,0.135652,0.086787,0.061474,0.286857,0.000704,0.014080,0.000384,0.001504,0.000896,0.000288,0.915515
0.415564,0.017601,0.192325,0.135044,0.101251,0.070850,0.310153,0.000992,0.014561,0.000384,0.001472,0.000928,0.000256,0.961404
0.400044,0.017345,0.191781,0.137444,0.085762,0.061762,0.288041,0.000672,0.014016,0.000352,0.001472,0.000896,0.000288,0.922300
0.399212,0.017632,0.192006,0.122564,0.096547,0.068002,0.290313,0.000672,0.014240,0.000416,0.001504,0.000928,0.000608,0.925115
0.400940,0.017632,0.193510,0.150629,0.102467,0.064834,0.322922,0.000768,0.014560,0.000448,0.001504,0.001568,0.000672,0.962428
0.396267,0.018016,0.192582,0.154276,0.088483,0.062306,0.308585,0.000960,0.015393,0.000352,0.001760,0.002112,0.000576,0.947420
0.399628,0.017505,0.192165,0.132548,0.086275,0.061506,0.283561,0.000640,0.014720,0.000384,0.001536,0.000864,0.000352,0.918363
0.394572,0.017344,0.191750,0.134980,0.087586,0.067074,0.292777,0.000800,0.014496,0.000384,0.001440,0.000992,0.000352,0.922235
0.399692,0.017376,0.191590,0.123844,0.085602,0.062018,0.274632,0.000704,0.014113,0.000416,0.001440,0.000896,0.000320,0.907067
0.394380,0.017185,0.191589,0.134148,0.085987,0.061890,0.285417,0.000672,0.015104,0.000352,0.001472,0.000960,0.000352,0.914779
0.395052,0.017505,0.191397,0.116356,0.085666,0.063074,0.268264,0.000768,0.014369,0.000384,0.001472,0.000960,0.000352,0.897403
0.394188,0.017248,0.210375,0.138980,0.092386,0.065506,0.299944,0.000736,0.014721,0.000416,0.001472,0.000960,0.000352,0.948092
0.395052,0.017377,0.191621,0.124580,0.085731,0.068898,0.282153,0.000768,0.014112,0.000352,0.001408,0.000896,0.000384,0.911579
0.398988,0.017473,0.191526,0.125411,0.085155,0.061922,0.275560,0.000736,0.014592,0.000384,0.001440,0.000928,0.000384,0.909147
0.397996,0.017568,0.191974,0.137956,0.090275,0.070978,0.302473,0.000736,0.014976,0.000384,0.001568,0.001344,0.000576,0.937404
0.396108,0.017601,0.192101,0.133316,0.087235,0.061474,0.285673,0.000768,0.015104,0.000384,0.001536,0.001152,0.000640,0.919100
0.395435,0.017569,0.191590,0.140580,0.092067,0.064162,0.300201,0.000704,0.014688,0.000352,0.001472,0.001216,0.000608,0.932059
0.394476,0.017696,0.191718,0.131972,0.089699,0.063138,0.288233,0.000704,0.014368,0.000384,0.001536,0.000960,0.000384,0.917627
0.410700,0.017441,0.191973,0.137668,0.095299,0.063714,0.299945,0.000704,0.014113,0.000384,0.001440,0.001024,0.000448,0.945532
0.394572,0.017537,0.191877,0.136484,0.086499,0.062978,0.288969,0.000704,0.014144,0.000384,0.001472,0.001056,0.000320,0.918491
0.395532,0.017473,0.191653,0.135012,0.086435,0.068674,0.293129,0.001024,0.014400,0.000385,0.001504,0.000928,0.000608,0.924284
0.400044,0.017569,0.191557,0.145349,0.104931,0.061954,0.315466,0.001152,0.014304,0.000352,0.001472,0.001024,0.000384,0.950812
0.400364,0.017537,0.191813,0.135556,0.087459,0.063298,0.289673,0.000704,0.015264,0.000352,0.001536,0.001025,0.000608,0.926460
0.399724,0.017537,0.192165,0.131428,0.083075,0.061121,0.279400,0.000768,0.015840,0.000384,0.001504,0.001056,0.000608,0.916347
0.400140,0.017664,0.192198,0.136484,0.089603,0.064642,0.294345,0.000736,0.014752,0.000384,0.001504,0.001184,0.000352,0.930971
0.396076,0.017760,0.192166,0.146852,0.087555,0.065154,0.303401,0.000768,0.014432,0.000576,0.001600,0.001185,0.000384,0.936764
0.394956,0.017281,0.192229,0.134852,0.086563,0.062434,0.286857,0.000800,0.014464,0.000352,0.001472,0.001184,0.000352,0.917467
0.395052,0.017632,0.191558,0.123844,0.087426,0.060450,0.274696,0.000704,0.014273,0.000416,0.001504,0.000896,0.000320,0.904219
0.395404,0.017537,0.212742,0.138948,0.095043,0.063458,0.300425,0.000672,0.013984,0.000416,0.001504,0.000960,0.000320,0.951165
0.395788,0.017505,0.191749,0.136164,0.085891,0.065186,0.290185,0.001056,0.014592,0.000416,0.001472,0.000960,0.000352,0.921660
0.399180,0.017345,0.191397,0.134116,0.084355,0.066594,0.288297,0.000672,0.014912,0.000384,0.001568,0.000992,0.000352,0.923387
0.395564,0.017504,0.191846,0.122244,0.084258,0.065474,0.274984,0.000704,0.014913,0.000352,0.001472,0.000896,0.000544,0.923995
0.394987,0.017569,0.192230,0.138500,0.086114,0.062690,0.290216,0.000704,0.015009,0.000384,0.001472,0.000928,0.000320,0.920795
0.394668,0.017345,0.191941,0.138244,0.083362,0.061634,0.286185,0.000768,0.014336,0.000352,0.001504,0.000960,0.000576,0.915867
0.395084,0.017665,0.192741,0.141061,0.090402,0.064642,0.299721,0.000736,0.014593,0.000352,0.001568,0.001120,0.000576,0.932764
0.411436,0.017697,0.191878,0.134884,0.090242,0.065186,0.293768,0.000704,0.014401,0.000352,0.001536,0.001088,0.000576,0.941084
0.399147,0.017569,0.192038,0.137316,0.085794,0.063394,0.289704,0.000768,0.014657,0.000384,0.001536,0.001056,0.000640,0.925051
0.395276,0.017665,0.191941,0.123076,0.087811,0.063233,0.276840,0.000672,0.014785,0.000384,0.001472,0.001024,0.000416,0.907867
0.394699,0.017408,0.191686,0.149924,0.099811,0.064194,0.317225,0.000736,0.014177,0.000320,0.001536,0.000992,0.000384,0.946524
0.399404,0.017665,0.191909,0.136388,0.087939,0.062434,0.289865,0.000640,0.014848,0.000416,0.001536,0.001056,0.000352,0.925052
0.394348,0.017600,0.191814,0.133028,0.085571,0.061890,0.283753,0.000704,0.014176,0.000352,0.001472,0.001024,0.000352,0.912603
0.394539,0.017697,0.192166,0.140452,0.085218,0.064706,0.293416,0.000640,0.014305,0.000384,0.001504,0.000896,0.000384,0.923067
0.399788,0.017760,0.191846,0.136260,0.095267,0.064642,0.299369,0.000672,0.015104,0.000352,0.001505,0.000896,0.000352,0.934716
0.400300,0.017281,0.192005,0.128676,0.089635,0.067522,0.289673,0.000736,0.014176,0.000384,0.001504,0.000864,0.000320,0.925083
0.400780,0.017760,0.194086,0.143844,0.094851,0.067330,0.309481,0.001184,0.015041,0.000384,0.001600,0.001248,0.000352,0.951068
0.412492,0.018177,0.192997,0.139333,0.105987,0.065346,0.313898,0.000768,0.014112,0.000576,0.001568,0.001056,0.000384,0.963356
0.400236,0.017568,0.192966,0.137572,0.087747,0.071298,0.299945,0.000704,0.014464,0.000384,0.001537,0.000992,0.000352,0.936540
0.394475,0.017377,0.192134,0.141604,0.084834,0.062306,0.292040,0.000704,0.014913,0.000384,0.001568,0.000960,0.000352,0.922235
0.394732,0.017377,0.192165,0.128580,0.085059,0.092450,0.309385,0.000736,0.014592,0.000416,0.001536,0.000992,0.000384,0.940156
0.395276,0.017633,0.192293,0.126852,0.083555,0.062818,0.276297,0.000672,0.014240,0.000384,0.001504,0.000928,0.000352,0.906907
0.400108,0.017408,0.192198,0.166597,0.085730,0.064161,0.319881,0.000992,0.014561,0.000416,0.001568,0.001152,0.000608,0.956668
0.415340,0.017569,0.192294,0.140644,0.101219,0.063874,0.309193,0.000736,0.014816,0.000448,0.001600,0.001184,0.000576,0.961788
0.406604,0.017568,0.192454,0.136196,0.102435,0.067810,0.311209,0.001088,0.014657,0.000384,0.001568,0.001024,0.000416,0.953884
0.399308,0.017345,0.192357,0.107971,0.086018,0.066850,0.263976,0.000608,0.014369,0.000416,0.001600,0.000960,0.000384,0.898171
0.399595,0.017729,0.192486,0.112419,0.087651,0.067202,0.270792,0.001088,0.014528,0.000416,0.001632,0.001120,0.000384,0.907834
0.397132,0.017761,0.191718,0.143812,0.091202,0.062305,0.300968,0.000768,0.014465,0.000384,0.001568,0.000896,0.000384,0.932796
0.394988,0.017760,0.192102,0.147652,0.101123,0.063138,0.315209,0.000800,0.014369,0.000352,0.001440,0.001056,0.000448,0.944636
0.394763,0.017601,0.191846,0.118371,0.098659,0.062274,0.282664,0.000736,0.014401,0.000352,0.001536,0.000960,0.000384,0.910811
0.400140,0.017441,0.192037,0.124612,0.086915,0.060801,0.275497,0.000800,0.014496,0.000384,0.001568,0.001088,0.000576,0.911643
0.394763,0.017440,0.191910,0.147588,0.086819,0.064514,0.302313,0.000768,0.014272,0.000320,0.001504,0.001120,0.000608,0.932379
0.394252,0.017537,0.192389,0.141669,0.087682,0.067170,0.299657,0.000768,0.014273,0.000384,0.001568,0.001248,0.000608,0.929468
0.395884,0.017441,0.192261,0.137476,0.085059,0.064098,0.289769,0.000768,0.014656,0.000384,0.001600,0.001088,0.000352,0.921564
0.419500,0.017825,0.193286,0.139716,0.100099,0.065346,0.308521,0.000768,0.014208,0.000416,0.001536,0.001088,0.000416,0.965372
0.396428,0.017537,0.192997,0.132452,0.088227,0.077442,0.301289,0.001184,0.014593,0.000384,0.001600,0.001248,0.000416,0.936284
0.395404,0.017601,0.192197,0.140357,0.097251,0.063713,0.305129,0.000704,0.014144,0.000384,0.001600,0.001440,0.000640,0.936860
0.394508,0.017569,0.192165,0.160101,0.087715,0.064994,0.316298,0.000736,0.014240,0.000352,0.001568,0.001184,0.000448,0.946556
0.394572,0.017824,0.191846,0.122948,0.085634,0.061090,0.272584,0.000736,0.014817,0.000352,0.001536,0.000960,0.000384,0.902875
0.395436,0.017760,0.191334,0.143204,0.088227,0.062882,0.297065,0.000736,0.014432,0.000352,0.001504,0.001024,0.000384,0.927355
0.395596,0.017633,0.192101,0.138532,0.087171,0.063298,0.292265,0.000640,0.014368,0.000352,0.001568,0.001056,0.000448,0.923644
0.395692,0.017504,0.192006,0.139012,0.086595,0.061314,0.289961,0.000896,0.014400,0.000352,0.001504,0.001088,0.000384,0.921819
0.394604,0.017409,0.191877,0.136740,0.085315,0.066242,0.291497,0.000864,0.015104,0.000384,0.001600,0.000960,0.000384,0.922492
0.394827,0.017537,0.191909,0.125476,0.091651,0.063970,0.284425,0.000704,0.014784,0.000416,0.001568,0.001024,0.000384,0.915548
0.394604,0.017568,0.212999,0.140452,0.096771,0.063457,0.303465,0.000736,0.014400,0.000416,0.001632,0.000960,0.000352,0.955100
0.394955,0.017760,0.192646,0.134820,0.085858,0.060354,0.284520,0.000704,0.014593,0.000320,0.001536,0.001152,0.000416,0.916955
0.395467,0.017697,0.191814,0.131043,0.088675,0.062018,0.285160,0.000768,0.014496,0.000352,0.001537,0.000896,0.000576,0.916059
0.395212,0.017504,0.192294,0.132516,0.086147,0.060225,0.300905,0.000864,0.015201,0.000384,0.001536,0.000960,0.000576,0.933340
0.399532,0.017377,0.191845,0.138116,0.088771,0.063394,0.293289,0.000704,0.014400,0.000352,0.001536,0.001089,0.000608,0.928476
0.394700,0.017568,0.191910,0.143684,0.085091,0.064834,0.296617,0.000800,0.015008,0.000384,0.001504,0.001024,0.000480,0.927323
0.394764,0.017344,0.191750,0.137220,0.087267,0.073538,0.301321,0.000640,0.014720,0.000384,0.001568,0.000992,0.000352,0.931611
0.411789,0.017664,0.192262,0.145444,0.095555,0.062946,0.307497,0.000672,0.014784,0.000384,0.001568,0.000864,0.000320,0.955709
0.399980,0.017504,0.191526,0.137540,0.085795,0.061826,0.288521,0.000704,0.014816,0.000352,0.001504,0.000992,0.000448,0.924507
0.395564,0.017696,0.192133,0.135236,0.086083,0.063106,0.289033,0.000672,0.014272,0.000384,0.001440,0.000960,0.000352,0.919739
0.398956,0.017536,0.191846,0.161413,0.096099,0.061345,0.322665,0.000736,0.015201,0.000320,0.001536,0.001152,0.000352,0.958332
0.399851,0.017601,0.192166,0.131076,0.087074,0.066594,0.288584,0.001152,0.015841,0.000352,0.001536,0.001440,0.000384,0.927419
0.399244,0.017568,0.192134,0.126948,0.085762,0.060898,0.276968,0.000768,0.014593,0.000384,0.001568,0.000896,0.000320,0.911739
0.395148,0.017505,0.191845,0.120484,0.084835,0.060321,0.268808,0.000704,0.016545,0.000352,0.001504,0.000960,0.000288,0.901563
0.395339,0.017441,0.191813,0.145732,0.095523,0.087202,0.331785,0.000704,0.014209,0.000352,0.001504,0.000896,0.000320,0.962236
0.399563,0.017569,0.191206,0.131140,0.085698,0.061794,0.281544,0.000704,0.014784,0.000384,0.001505,0.001504,0.000512,0.916411
0.395692,0.017345,0.191653,0.142789,0.086754,0.069634,0.302153,0.000768,0.014049,0.000352,0.001536,0.001376,0.000544,0.933084
0.412589,0.017440,0.192486,0.142788,0.095491,0.063938,0.305673,0.001120,0.015744,0.000608,0.001505,0.000960,0.000352,0.956125
0.399372,0.017376,0.191686,0.162693,0.086786,0.063362,0.316041,0.000704,0.014209,0.000352,0.001472,0.000896,0.000288,0.949500
0.399819,0.017473,0.191718,0.145764,0.086851,0.062689,0.298280,0.000768,0.014145,0.000384,0.001504,0.000928,0.000256,0.932315
0.399883,0.017344,0.192006,0.139300,0.103843,0.078594,0.325257,0.000800,0.014369,0.000384,0.001408,0.000928,0.000448,0.960700
0.396651,0.017825,0.192262,0.132836,0.087394,0.064194,0.287624,0.000704,0.014209,0.000352,0.001536,0.001152,0.000384,0.920891
0.400268,0.017792,0.192294,0.137476,0.089155,0.067106,0.296873,0.000736,0.014432,0.000352,0.001504,0.001312,0.000416,0.933691
0.400460,0.017537,0.191845,0.141188,0.088674,0.062306,0.295528,0.000768,0.015073,0.000352,0.001504,0.001056,0.000384,0.932636
0.424301,0.017377,0.191941,0.143109,0.097666,0.064993,0.309065,0.000640,0.014689,0.000384,0.001504,0.000992,0.000416,0.969245
0.395371,0.017568,0.191878,0.147876,0.084643,0.062626,0.298313,0.000896,0.014368,0.000320,0.001472,0.001024,0.000640,0.930939
0.394540,0.017537,0.191973,0.146181,0.085666,0.062562,0.297609,0.000736,0.014849,0.000448,0.001504,0.000896,0.000576,0.928540
0.394539,0.017633,0.211846,0.147717,0.087554,0.066338,0.306377,0.001024,0.015073,0.000352,0.001536,0.000896,0.000576,0.957692
0.394284,0.017409,0.191269,0.140773,0.085186,0.061730,0.290633,0.000736,0.014144,0.000384,0.001537,0.000992,0.000352,0.918876
0.399020,0.017537,0.191493,0.139492,0.088867,0.062690,0.293961,0.000704,0.014080,0.000384,0.001440,0.000896,0.000352,0.926876
0.409804,0.017633,0.191654,0.146916,0.095395,0.064322,0.311433,0.000672,0.035489,0.000640,0.001696,0.001024,0.000384,0.978749
0.401868,0.017665,0.194086,0.105571,0.093347,0.061345,0.264071,0.000736,0.014496,0.000416,0.001568,0.001120,0.000352,0.904251
0.395372,0.017728,0.192806,0.142692,0.088003,0.063522,0.297705,0.000704,0.015328,0.000384,0.001504,0.000896,0.000321,0.929948
0.400204,0.017569,0.192838,0.144420,0.086178,0.071459,0.305161,0.000736,0.014752,0.000416,0.001504,0.000896,0.000544,0.942172
0.412236,0.017568,0.192582,0.137188,0.090147,0.064642,0.295241,0.000640,0.015040,0.000384,0.001504,0.000929,0.000320,0.944092
0.395468,0.017408,0.193638,0.133348,0.102691,0.064706,0.303849,0.000608,0.014113,0.000416,0.001440,0.000928,0.000320,0.935068
0.396044,0.017377,0.192229,0.141444,0.084451,0.062146,0.291049,0.000736,0.014240,0.000384,0.001504,0.000928,0.000352,0.922364
0.394828,0.017472,0.192230,0.152388,0.104228,0.061953,0.321673,0.000704,0.015072,0.000352,0.001536,0.000896,0.000416,0.952348
0.399083,0.017472,0.192550,0.141572,0.087619,0.063425,0.295592,0.000704,0.014208,0.000416,0.001504,0.000864,0.000384,0.930043
0.399339,0.017537,0.192038,0.131428,0.084258,0.063938,0.282568,0.000672,0.015488,0.000384,0.001440,0.000928,0.000608,0.918427
0.395532,0.017568,0.192390,0.142212,0.086723,0.064642,0.297033,0.000768,0.014240,0.000352,0.001536,0.000896,0.000352,0.928379
0.398283,0.017793,0.193830,0.141476,0.093027,0.065346,0.303401,0.000672,0.015328,0.000352,0.001568,0.001248,0.000384,0.941115
0.399500,0.017569,0.192101,0.132420,0.086499,0.061890,0.284329,0.000768,0.014368,0.000352,0.001472,0.001056,0.000321,0.919260
0.395787,0.017601,0.192518,0.133924,0.088994,0.066146,0.292360,0.000672,0.014369,0.000352,0.001440,0.000960,0.000544,0.923707
0.421005,0.017632,0.192422,0.135492,0.092611,0.068962,0.302185,0.000800,0.020513,0.000352,0.001536,0.000960,0.000256,0.965213
0.395627,0.017825,0.192454,0.142084,0.104771,0.062562,0.312457,0.000768,0.020609,0.000384,0.001568,0.000928,0.000352,0.950172
0.395147,0.017441,0.192102,0.135556,0.087042,0.062850,0.288776,0.000704,0.014209,0.000320,0.001536,0.000928,0.000352,0.918875
0.394412,0.017568,0.192262,0.169701,0.122980,0.085218,0.381419,0.001088,0.014881,0.000352,0.001536,0.000992,0.000352,1.011454
0.399980,0.017472,0.193638,0.133700,0.091139,0.064034,0.292233,0.000672,0.014464,0.000416,0.001472,0.001056,0.000384,0.929627
0.395115,0.017665,0.192390,0.157380,0.107011,0.062530,0.330569,0.000704,0.016289,0.000384,0.001504,0.000960,0.000320,0.962364
0.394380,0.017536,0.192294,0.126788,0.095459,0.062177,0.288488,0.000736,0.014369,0.000384,0.001536,0.000832,0.000448,0.917755
0.413996,0.017824,0.192485,0.136900,0.085315,0.061986,0.288297,0.000768,0.014784,0.000384,0.001536,0.001664,0.000416,0.941115
0.395499,0.017761,0.192166,0.144900,0.095651,0.068642,0.312521,0.001056,0.014400,0.000352,0.001568,0.000960,0.000320,0.943259
0.395180,0.017312,0.191814,0.137156,0.085731,0.064289,0.290408,0.000736,0.014592,0.000384,0.001504,0.001088,0.000352,0.920347
0.398540,0.017345,0.207686,0.140580,0.089379,0.065826,0.299337,0.000704,0.014400,0.000352,0.001568,0.000928,0.000384,0.948188
0.399243,0.017505,0.191590,0.114883,0.093923,0.061922,0.273768,0.000768,0.014272,0.000352,0.001440,0.000928,0.000352,0.906650
0.394508,0.017376,0.192102,0.136036,0.086114,0.062561,0.287880,0.000704,0.014369,0.000352,0.001440,0.000960,0.000416,0.916763
0.395948,0.017376,0.192070,0.116996,0.085730,0.061314,0.267048,0.000704,0.014432,0.000384,0.001537,0.000960,0.000352,0.897275
0.395691,0.017249,0.192389,0.115236,0.095939,0.061730,0.275913,0.000736,0.014400,0.000384,0.001472,0.000864,0.000384,0.905690
0.395180,0.017569,0.191973,0.116676,0.096195,0.061345,0.277288,0.000705,0.014400,0.000352,0.001472,0.000800,0.000352,0.906395
0.394540,0.017600,0.191782,0.112355,0.088195,0.060578,0.264328,0.000704,0.018688,0.000352,0.001472,0.000832,0.000352,0.897530
0.394700,0.017824,0.208262,0.132580,0.094371,0.063426,0.293705,0.001056,0.014817,0.000384,0.001600,0.001248,0.000352,0.942940
0.394860,0.017377,0.192325,0.120164,0.092771,0.061122,0.278889,0.000768,0.016672,0.000384,0.001568,0.001024,0.000352,0.910747
0.395755,0.017473,0.192710,0.121251,0.098403,0.060546,0.284840,0.000768,0.014848,0.000384,0.001569,0.001024,0.000352,0.916123
0.394380,0.017312,0.191974,0.136068,0.099651,0.068258,0.307529,0.000704,0.014240,0.000352,0.001537,0.000832,0.000384,0.935772
0.393996,0.017728,0.192038,0.123012,0.086626,0.060162,0.272808,0.000768,0.014112,0.000384,0.001569,0.001056,0.000416,0.901915
0.397483,0.017153,0.192294,0.116931,0.095203,0.060930,0.276648,0.000704,0.014592,0.000352,0.001536,0.000928,0.000288,0.908698
0.394796,0.017537,0.191429,0.109476,0.087010,0.067490,0.267496,0.000704,0.014017,0.000384,0.001472,0.000928,0.000352,0.895483
0.394572,0.034273,0.193030,0.139620,0.088162,0.065122,0.296168,0.001056,0.014305,0.000384,0.001536,0.001056,0.000384,0.944924
0.395244,0.017344,0.192326,0.125668,0.087074,0.061794,0.277896,0.000800,0.014273,0.000352,0.001536,0.001024,0.000672,0.908827
0.395852,0.017280,0.191782,0.131140,0.085347,0.061025,0.280872,0.000640,0.014593,0.000416,0.001536,0.001056,0.000640,0.911259
0.395723,0.017569,0.193510,0.131620,0.087042,0.068290,0.290696,0.000768,0.032097,0.000704,0.001664,0.001184,0.000640,0.942908
0.400299,0.017569,0.192678,0.144164,0.101699,0.065442,0.314793,0.000928,0.014752,0.000384,0.001569,0.001088,0.000352,0.951772
0.395339,0.017504,0.192038,0.136516,0.106595,0.064290,0.310505,0.000672,0.014304,0.000416,0.001504,0.001089,0.000352,0.941020
0.400588,0.017665,0.192069,0.137925,0.090018,0.066050,0.297193,0.000736,0.014593,0.000384,0.001536,0.001024,0.000352,0.933532
0.418924,0.017633,0.192133,0.138532,0.103843,0.063938,0.309834,0.000736,0.014432,0.000608,0.001472,0.001088,0.000384,0.964796
0.399628,0.017632,0.191846,0.133764,0.087458,0.064674,0.288840,0.000992,0.014657,0.000384,0.001568,0.001088,0.000384,0.924155
0.399084,0.017536,0.191942,0.158885,0.095587,0.061698,0.319178,0.000704,0.014528,0.000384,0.001504,0.001056,0.000608,0.953724
0.394220,0.017376,0.209959,0.151172,0.095107,0.064354,0.313737,0.001024,0.014240,0.000384,0.001600,0.001056,0.000320,0.961725
0.399948,0.017473,0.191685,0.138693,0.087650,0.064610,0.294281,0.000704,0.014241,0.000384,0.001536,0.001024,0.000320,0.928796
0.395243,0.017536,0.191846,0.140772,0.084354,0.061122,0.289192,0.000704,0.014337,0.000384,0.001536,0.001056,0.000384,0.919419
0.397868,0.017632,0.192102,0.142180,0.090499,0.063938,0.300105,0.000736,0.015168,0.000416,0.020353,0.001504,0.000640,0.954620
0.400268,0.017536,0.192102,0.137732,0.090915,0.062850,0.294889,0.000704,0.014208,0.000352,0.001472,0.001248,0.000320,0.930267
0.399180,0.017536,0.192006,0.136036,0.087491,0.062978,0.289737,0.000704,0.014528,0.000416,0.001504,0.001120,0.000320,0.924283
0.395116,0.017600,0.191910,0.131012,0.088515,0.061762,0.284425,0.000704,0.014880,0.000416,0.001472,0.001024,0.000544,0.915227
0.416748,0.017889,0.192038,0.133988,0.096770,0.063362,0.297544,0.000672,0.014977,0.000416,0.001568,0.001024,0.000544,0.951100
0.395532,0.017440,0.191910,0.135364,0.086786,0.062018,0.287272,0.000704,0.014433,0.000416,0.001504,0.001024,0.000352,0.917819
0.400300,0.017760,0.191718,0.136228,0.088675,0.066018,0.294313,0.000736,0.014400,0.000384,0.001504,0.001024,0.000544,0.929787
0.394603,0.017633,0.192294,0.171685,0.106211,0.062050,0.343306,0.001024,0.014752,0.000416,0.001568,0.000992,0.000288,0.973084
0.394860,0.017536,0.192102,0.110531,0.101123,0.059425,0.274504,0.000704,0.014177,0.000416,0.001536,0.000960,0.000352,0.903387
0.395180,0.017632,0.192230,0.152164,0.086307,0.066050,0.308009,0.000704,0.014977,0.000352,0.001536,0.001184,0.000352,0.940092
0.394636,0.017536,0.191750,0.112195,0.095683,0.063778,0.276008,0.000704,0.014016,0.000352,0.001504,0.000960,0.000320,0.903867
0.407372,0.017536,0.191974,0.151268,0.085507,0.060706,0.300777,0.000672,0.013984,0.000416,0.001472,0.001056,0.000640,0.942364
0.394508,0.017440,0.191782,0.139524,0.083395,0.060033,0.285993,0.000672,0.013984,0.000352,0.001408,0.000928,0.000288,0.913339
0.393996,0.017344,0.191686,0.124387,0.095234,0.059138,0.281864,0.000704,0.014593,0.000416,0.001568,0.000832,0.000288,0.909083
0.400460,0.017312,0.210247,0.138884,0.096163,0.069154,0.307145,0.000704,0.014336,0.000352,0.001440,0.001600,0.000256,0.961468
0.398732,0.017344,0.192262,0.123972,0.082946,0.065154,0.275208,0.000704,0.013985,0.000352,0.001472,0.001056,0.000288,0.908539
0.398668,0.017441,0.191909,0.121956,0.084259,0.061185,0.270472,0.000704,0.014081,0.000352,0.001408,0.001024,0.000352,0.903419
0.393868,0.017376,0.191686,0.139236,0.085955,0.060001,0.288360,0.000672,0.013953,0.000384,0.001408,0.000800,0.000288,0.914587
0.393932,0.017216,0.191270,0.105891,0.086819,0.059394,0.255080,0.000960,0.014976,0.000384,0.001440,0.000832,0.000384,0.882554
0.395596,0.017889,0.192037,0.137316,0.086883,0.063714,0.291465,0.000736,0.014528,0.000416,0.001472,0.001089,0.000352,0.923420
0.394444,0.017696,0.191942,0.132548,0.092483,0.060674,0.289225,0.000704,0.014080,0.000448,0.001504,0.000960,0.000352,0.917787
0.394828,0.017760,0.204422,0.120483,0.090819,0.059650,0.274313,0.000864,0.014272,0.000384,0.001408,0.000960,0.000640,0.915899
0.400428,0.017313,0.191493,0.119076,0.085890,0.060193,0.268136,0.000704,0.014657,0.000416,0.001440,0.001024,0.000352,0.903227
0.396076,0.017632,0.191942,0.134820,0.093123,0.062402,0.293577,0.000704,0.014112,0.000384,0.001440,0.000864,0.000352,0.923643
0.395212,0.017376,0.191526,0.136772,0.086050,0.063522,0.289352,0.000736,0.014625,0.000352,0.001408,0.000960,0.000384,0.918107
0.394316,0.017504,0.191558,0.112995,0.092675,0.066850,0.275912,0.000992,0.014240,0.000384,0.001408,0.000832,0.000352,0.904091
0.394508,0.017249,0.191397,0.117028,0.086370,0.063298,0.270152,0.000992,0.014753,0.000384,0.001536,0.000992,0.000352,0.898779
0.396139,0.017472,0.191718,0.115491,0.095107,0.059682,0.273384,0.000672,0.014752,0.000384,0.001472,0.000832,0.000288,0.903162
0.395244,0.017152,0.206214,0.119748,0.095011,0.060418,0.278473,0.000736,0.014080,0.000384,0.001504,0.000832,0.000320,0.920539
0.402604,0.017792,0.193126,0.138244,0.089923,0.071586,0.302793,0.000704,0.014240,0.000352,0.001536,0.001185,0.000352,0.943676
0.400972,0.017824,0.192742,0.136900,0.086435,0.067778,0.294377,0.000896,0.014656,0.000384,0.001472,0.001216,0.000416,0.932123
0.400908,0.017793,0.192261,0.129860,0.083907,0.060994,0.277609,0.000896,0.014432,0.000352,0.001472,0.001088,0.000320,0.913979
0.400588,0.017569,0.191525,0.131235,0.088739,0.064322,0.287304,0.000672,0.014208,0.000352,0.001537,0.001120,0.000384,0.921820
0.400044,0.017441,0.191941,0.136004,0.085314,0.061538,0.285737,0.000736,0.014112,0.000416,0.001472,0.001088,0.000289,0.920060
0.400236,0.017729,0.191686,0.135908,0.086722,0.063458,0.289192,0.000704,0.014177,0.000384,0.001504,0.001152,0.000608,0.925180
0.423948,0.017441,0.191941,0.137476,0.088067,0.062978,0.291561,0.000736,0.014080,0.000385,0.001472,0.001120,0.000512,0.950076
0.400108,0.017729,0.192262,0.139236,0.086562,0.063170,0.292008,0.000768,0.014145,0.000384,0.001504,0.001152,0.000288,0.927452
0.400300,0.017505,0.192070,0.140068,0.086242,0.064034,0.293448,0.000704,0.014433,0.000416,0.001504,0.001088,0.000320,0.928764
0.401291,0.017344,0.192166,0.169797,0.094115,0.062593,0.329705,0.000673,0.014368,0.000352,0.001504,0.001024,0.000480,0.966172
0.397195,0.017760,0.192422,0.130084,0.086274,0.068258,0.287976,0.001120,0.015297,0.000384,0.001536,0.001152,0.000288,0.922747
0.400940,0.017697,0.192197,0.130596,0.084739,0.071618,0.290089,0.000800,0.014528,0.000352,0.001600,0.001088,0.000288,0.926715
0.401292,0.017345,0.191846,0.135940,0.089442,0.066946,0.295432,0.000736,0.014017,0.000384,0.001504,0.001056,0.000288,0.930940
0.395531,0.017473,0.191750,0.132740,0.088994,0.063106,0.288008,0.000768,0.014145,0.000352,0.001504,0.001024,0.000288,0.917627
0.400812,0.017473,0.191718,0.126819,0.085059,0.062850,0.277992,0.000704,0.014304,0.000384,0.001472,0.000992,0.000256,0.912827
0.399916,0.017440,0.192230,0.135396,0.088451,0.082818,0.310057,0.000672,0.014305,0.000352,0.001504,0.001024,0.000320,0.944636
0.400140,0.041346,0.196517,0.154149,0.136260,0.065058,0.358731,0.000736,0.014944,0.000385,0.001504,0.001088,0.000288,1.023039
0.401420,0.017409,0.192005,0.140260,0.084355,0.062178,0.290025,0.000704,0.014176,0.000352,0.001568,0.001184,0.000320,0.926171
0.400396,0.017505,0.191782,0.143172,0.085474,0.062434,0.294216,0.000672,0.014401,0.000416,0.001536,0.001088,0.000288,0.929212
0.395403,0.017633,0.191846,0.144612,0.103779,0.079074,0.330793,0.000800,0.014305,0.000384,0.001568,0.001024,0.000352,0.961052
0.401580,0.017760,0.191846,0.122243,0.085283,0.065378,0.276072,0.000992,0.014400,0.000416,0.001537,0.001120,0.000384,0.913883
0.396139,0.017665,0.191526,0.136836,0.084674,0.062306,0.287528,0.000768,0.015297,0.000416,0.001568,0.001056,0.000320,0.919483
0.396780,0.017792,0.191846,0.147652,0.087747,0.066306,0.305001,0.000736,0.015041,0.000608,0.001568,0.001088,0.000608,0.937852
0.396235,0.017729,0.191910,0.142212,0.097219,0.064642,0.307401,0.000896,0.014464,0.000352,0.001568,0.001152,0.000608,0.939643
0.395756,0.017601,0.192037,0.139301,0.087266,0.070530,0.300553,0.000704,0.014817,0.000384,0.001600,0.001024,0.000416,0.932092
0.396652,0.017568,0.192006,0.145412,0.086147,0.063778,0.298537,0.001088,0.014848,0.000384,0.001568,0.001024,0.000352,0.931356
0.429004,0.017697,0.192742,0.140068,0.096707,0.072258,0.312265,0.000960,0.014816,0.000416,0.001601,0.000992,0.000384,0.978909
0.396044,0.017473,0.192037,0.135716,0.087011,0.072706,0.298633,0.000704,0.014209,0.000416,0.001536,0.000960,0.000608,0.930044
0.395531,0.017377,0.191846,0.138212,0.085858,0.063202,0.290600,0.000800,0.014241,0.000384,0.001536,0.000992,0.000352,0.921083
0.395723,0.017696,0.191782,0.139524,0.108643,0.087043,0.339114,0.001024,0.014528,0.000352,0.001568,0.001024,0.000416,0.970588
0.401516,0.017697,0.192261,0.137092,0.089731,0.070498,0.300905,0.000896,0.014465,0.000384,0.001568,0.001504,0.000384,0.940316
0.396108,0.017888,0.191558,0.144068,0.099491,0.064066,0.311305,0.000736,0.014593,0.000576,0.001536,0.001120,0.000384,0.943324
0.395756,0.017568,0.191942,0.145284,0.103747,0.074723,0.326890,0.000672,0.014368,0.000384,0.001568,0.001184,0.000416,0.958876
0.395467,0.017601,0.192102,0.144260,0.086850,0.065793,0.300008,0.001025,0.014880,0.000416,0.001472,0.001184,0.000416,0.931899
0.397228,0.017857,0.192069,0.147269,0.087522,0.063330,0.301577,0.000704,0.014529,0.000416,0.001568,0.001056,0.000384,0.934556
0.396172,0.017664,0.191942,0.145124,0.089539,0.063746,0.301833,0.000768,0.014784,0.000416,0.001504,0.001024,0.000416,0.934427
0.422317,0.017664,0.192486,0.144068,0.086979,0.063074,0.297513,0.000672,0.014304,0.000448,0.001505,0.001152,0.000416,0.955933
0.396684,0.017857,0.191909,0.143557,0.087394,0.067330,0.301801,0.000992,0.015105,0.000448,0.001472,0.000992,0.000416,0.934620
0.396044,0.017536,0.192358,0.139748,0.085891,0.063266,0.292009,0.000736,0.014816,0.000352,0.001536,0.001024,0.000384,0.923803
0.395916,0.017633,0.192357,0.144261,0.097891,0.062849,0.308809,0.000832,0.014401,0.000384,0.001504,0.001056,0.000416,0.941020
0.401324,0.017601,0.192517,0.142500,0.088898,0.066114,0.301833,0.000832,0.014913,0.000416,0.001600,0.001120,0.000384,0.940572
0.398316,0.017792,0.192358,0.145380,0.088067,0.068386,0.305289,0.000960,0.014560,0.000352,0.001537,0.001056,0.000384,0.940668
0.397099,0.017761,0.192358,0.132452,0.086242,0.063554,0.285608,0.000864,0.014433,0.000384,0.001440,0.001120,0.000352,0.918587
0.396236,0.017537,0.192101,0.143653,0.089794,0.066562,0.303977,0.000833,0.015104,0.000384,0.001568,0.001152,0.000384,0.937788
0.396652,0.017568,0.191590,0.130948,0.096739,0.063298,0.294153,0.000608,0.014496,0.000384,0.001536,0.001120,0.000384,0.926011
0.397388,0.017473,0.191877,0.149733,0.086626,0.063553,0.303689,0.000768,0.014529,0.000384,0.001504,0.001056,0.000352,0.937436
0.418988,0.017633,0.192166,0.145444,0.097539,0.075138,0.321737,0.001152,0.014625,0.000352,0.001568,0.000992,0.000416,0.977757
0.396524,0.017537,0.191781,0.138437,0.090818,0.064226,0.296457,0.000736,0.014529,0.000416,0.001568,0.001184,0.000352,0.928604
0.397804,0.017313,0.191781,0.145029,0.086242,0.063426,0.297737,0.001152,0.014977,0.000352,0.001504,0.001056,0.000320,0.931580
0.396395,0.017537,0.191878,0.149348,0.107011,0.109635,0.370699,0.000864,0.015200,0.000384,0.001536,0.001152,0.000384,1.004349
0.402252,0.017793,0.191941,0.140485,0.089602,0.064930,0.298473,0.000736,0.014497,0.000384,0.001472,0.001248,0.000384,0.937660
0.397612,0.017440,0.192518,0.144740,0.086147,0.062850,0.297001,0.000928,0.014944,0.000384,0.001504,0.001504,0.000384,0.932028
0.398156,0.017857,0.191877,0.143621,0.088258,0.067714,0.302921,0.001088,0.014817,0.000384,0.001472,0.001120,0.000576,0.938076
0.396524,0.017569,0.191685,0.141476,0.093666,0.064162,0.302345,0.000704,0.014369,0.000352,0.001568,0.000960,0.000384,0.933884
0.397355,0.017600,0.191686,0.133892,0.092483,0.059745,0.289224,0.000768,0.014401,0.000384,0.001536,0.001024,0.000352,0.921851
0.397772,0.017761,0.192997,0.141060,0.086531,0.061922,0.292777,0.000992,0.015168,0.000384,0.001537,0.001056,0.000576,0.928892
0.417964,0.017921,0.192101,0.143877,0.097411,0.064545,0.308777,0.000737,0.014336,0.000352,0.001568,0.001184,0.000640,0.963484
0.396524,0.017665,0.192613,0.138116,0.086946,0.067010,0.295337,0.000672,0.014497,0.000384,0.001504,0.001024,0.000384,0.928732
0.397708,0.017760,0.192358,0.141636,0.088483,0.062754,0.295945,0.000800,0.014624,0.000416,0.001600,0.001184,0.000384,0.930971
0.395788,0.017633,0.192261,0.158853,0.088739,0.063362,0.314666,0.000672,0.014304,0.000352,0.001440,0.001120,0.000384,0.946556
0.396108,0.017824,0.192325,0.134532,0.086083,0.061122,0.285385,0.000704,0.014816,0.000352,0.001536,0.001216,0.000416,0.919259
0.395084,0.017601,0.192293,0.126692,0.088003,0.067170,0.285097,0.000704,0.014528,0.000384,0.001472,0.001248,0.000320,0.916124
0.395884,0.017824,0.192230,0.122532,0.088322,0.064866,0.278728,0.001024,0.014785,0.000416,0.001504,0.000992,0.000576,0.911003
0.413644,0.017441,0.191398,0.138724,0.096995,0.068322,0.307657,0.000704,0.014048,0.000384,0.001504,0.001024,0.000320,0.955708
0.396108,0.017376,0.191654,0.116547,0.085379,0.063202,0.268360,0.000672,0.014240,0.000416,0.001504,0.000992,0.000544,0.898906
0.396396,0.017440,0.191526,0.123620,0.084290,0.060418,0.271304,0.000672,0.014529,0.000416,0.001536,0.001024,0.000288,0.902267
0.395276,0.017376,0.211174,0.138789,0.100355,0.062273,0.304713,0.000704,0.014625,0.000352,0.001504,0.000960,0.000352,0.954492
0.396331,0.017409,0.191590,0.136548,0.085986,0.063330,0.289032,0.000704,0.014145,0.000352,0.001536,0.000928,0.000640,0.920027
0.395756,0.017601,0.191685,0.138628,0.085283,0.061122,0.288073,0.000640,0.014496,0.000416,0.001536,0.000992,0.000576,0.919579
0.395724,0.017345,0.192261,0.139556,0.086947,0.064642,0.294345,0.000960,0.014432,0.000385,0.001504,0.000960,0.000576,0.925788
0.397708,0.017600,0.194726,0.138948,0.087203,0.063042,0.292809,0.000704,0.014656,0.000384,0.001536,0.001152,0.000384,0.930075
0.397132,0.017633,0.193413,0.145605,0.086274,0.062722,0.297705,0.000736,0.014593,0.000384,0.001504,0.001056,0.000672,0.932316
0.396364,0.017409,0.191941,0.135300,0.083682,0.063522,0.285577,0.000640,0.014496,0.000416,0.001504,0.000961,0.000352,0.916988
0.415661,0.017504,0.193158,0.134020,0.095875,0.064546,0.297513,0.000640,0.014080,0.000416,0.001440,0.001056,0.000384,0.949276
0.397068,0.017440,0.192774,0.096867,0.083522,0.061570,0.245127,0.000640,0.014081,0.000320,0.001504,0.000960,0.000416,0.877754
0.397547,0.017249,0.192134,0.129891,0.084867,0.062754,0.280616,0.000608,0.014528,0.000416,0.001472,0.001088,0.000352,0.913723
0.395756,0.017408,0.192774,0.162021,0.095235,0.064226,0.324810,0.000736,0.014080,0.000384,0.001504,0.001088,0.000608,0.956796
0.395627,0.017313,0.192134,0.136932,0.086402,0.062690,0.289064,0.000672,0.014049,0.000480,0.001536,0.001088,0.000704,0.920251
0.395852,0.017696,0.192646,0.136900,0.083555,0.061570,0.285097,0.000704,0.014080,0.000384,0.001504,0.001056,0.000704,0.917883
0.401004,0.017408,0.193254,0.116451,0.084515,0.062402,0.266600,0.000704,0.014560,0.000448,0.001536,0.001248,0.000608,0.905658
0.411916,0.017600,0.192230,0.140932,0.100451,0.064130,0.308809,0.000736,0.014369,0.000384,0.001472,0.001152,0.000576,0.957340
0.396555,0.017632,0.192038,0.143428,0.089731,0.062498,0.299113,0.000736,0.015296,0.000384,0.001568,0.001248,0.000608,0.933371
0.396204,0.017344,0.191718,0.138660,0.096931,0.064226,0.302953,0.000704,0.014113,0.000416,0.001536,0.001120,0.000384,0.933660
0.396459,0.017569,0.212422,0.136772,0.097987,0.065346,0.303657,0.001120,0.015393,0.000384,0.001568,0.001120,0.000608,0.957628
0.395915,0.017281,0.191974,0.135268,0.086882,0.063426,0.288712,0.000704,0.014369,0.000448,0.001536,0.000960,0.000416,0.919355
0.395979,0.017601,0.192582,0.139364,0.086754,0.061922,0.290920,0.000672,0.014209,0.000416,0.001408,0.001024,0.000384,0.922491
0.395148,0.017568,0.192070,0.135972,0.084867,0.085186,0.309385,0.001024,0.014689,0.000384,0.001536,0.000960,0.000384,0.940700
0.395660,0.017633,0.192197,0.134724,0.087043,0.062498,0.287177,0.000736,0.014112,0.000416,0.001504,0.001184,0.000416,0.918075
0.396908,0.017792,0.192742,0.144868,0.085987,0.062146,0.296233,0.000704,0.014208,0.000416,0.001536,0.000961,0.000448,0.929948
0.400524,0.017761,0.192070,0.136036,0.089666,0.064866,0.293736,0.000800,0.015233,0.000416,0.001632,0.001216,0.000608,0.931644
0.412684,0.017696,0.191942,0.140932,0.086370,0.063201,0.293928,0.000992,0.014849,0.000416,0.001536,0.001024,0.000736,0.943132
0.395788,0.017376,0.191718,0.162213,0.085090,0.063906,0.314441,0.001024,0.014721,0.000384,0.001536,0.001088,0.000608,0.945852
0.396139,0.017505,0.191814,0.137892,0.085890,0.062498,0.289576,0.000800,0.015169,0.000416,0.001472,0.001024,0.000352,0.921595
0.395467,0.017537,0.209734,0.140900,0.093507,0.067074,0.304585,0.000704,0.014785,0.000416,0.001600,0.000992,0.000384,0.954044
0.395724,0.017377,0.192069,0.136228,0.086882,0.064546,0.290857,0.000672,0.014977,0.000384,0.001536,0.001024,0.000576,0.922172
0.396748,0.017345,0.192421,0.135620,0.085442,0.064130,0.288200,0.000704,0.014240,0.000353,0.001440,0.001024,0.000608,0.920060
0.396460,0.017472,0.191910,0.137668,0.086563,0.067266,0.294537,0.000704,0.014688,0.000448,0.001440,0.001056,0.000384,0.926619
0.395948,0.017601,0.191973,0.159876,0.085411,0.062626,0.311018,0.000704,0.014208,0.000416,0.001536,0.001024,0.000640,0.942332
0.396524,0.017345,0.191973,0.139908,0.087042,0.063394,0.294089,0.000768,0.014689,0.000416,0.001568,0.000960,0.000608,0.926748
0.401068,0.017281,0.192454,0.129219,0.085698,0.062914,0.281768,0.000768,0.014592,0.000416,0.001537,0.001184,0.000384,0.918876
0.413068,0.017504,0.192358,0.132004,0.094787,0.064802,0.294889,0.000704,0.014496,0.000416,0.001472,0.001024,0.000384,0.943996
0.396076,0.017344,0.192358,0.130468,0.085378,0.062818,0.281768,0.000736,0.014561,0.000384,0.001472,0.001088,0.000352,0.913275
0.396203,0.017441,0.192453,0.128003,0.084515,0.061218,0.276712,0.000736,0.014560,0.000384,0.001536,0.001056,0.000352,0.907994
0.399820,0.017408,0.192294,0.163845,0.107459,0.064418,0.338474,0.000704,0.014720,0.000384,0.001504,0.000960,0.000352,0.973725
0.399692,0.017249,0.191974,0.141700,0.086850,0.063458,0.295112,0.000704,0.014625,0.000416,0.001536,0.000896,0.000384,0.929244
0.400812,0.017440,0.192134,0.140100,0.085731,0.062625,0.291400,0.000705,0.014208,0.000352,0.001536,0.000896,0.000608,0.927259
0.400203,0.017569,0.192102,0.137220,0.083906,0.061570,0.285640,0.000736,0.014433,0.000416,0.001536,0.001056,0.000384,0.922396
0.397196,0.017473,0.192197,0.124996,0.092003,0.061506,0.281673,0.000608,0.014176,0.000384,0.001472,0.000800,0.000384,0.913275
0.394924,0.017505,0.192613,0.131812,0.091811,0.061154,0.288169,0.000736,0.014304,0.000352,0.001536,0.001024,0.000416,0.918683
0.401740,0.017760,0.192454,0.134052,0.089891,0.063842,0.290729,0.000736,0.014688,0.000416,0.001504,0.001056,0.000352,0.929467
0.396331,0.017377,0.205958,0.124452,0.084674,0.060578,0.272904,0.000768,0.014209,0.000384,0.001472,0.000832,0.000352,0.917115
0.395308,0.017344,0.192102,0.119299,0.089250,0.064066,0.275784,0.000672,0.014305,0.000384,0.001472,0.001024,0.000384,0.905147
0.395691,0.017473,0.191685,0.112484,0.097987,0.065218,0.278633,0.000736,0.013984,0.000384,0.001440,0.000832,0.000288,0.907963
0.395436,0.017280,0.191750,0.113347,0.095843,0.061890,0.273992,0.000672,0.014432,0.000416,0.001473,0.000896,0.000288,0.902875
0.395436,0.017440,0.191622,0.116931,0.086083,0.061442,0.267304,0.000640,0.014112,0.000384,0.001504,0.000928,0.000288,0.895610
0.395948,0.017249,0.191653,0.108291,0.084195,0.059938,0.255432,0.000640,0.014336,0.000384,0.001440,0.000800,0.000320,0.884538
0.395500,0.017537,0.192005,0.140356,0.101539,0.060098,0.305193,0.000704,0.014881,0.000352,0.001440,0.000928,0.000320,0.934972
0.401452,0.017504,0.211750,0.146149,0.096835,0.064546,0.310826,0.000736,0.014624,0.000384,0.001536,0.001088,0.000416,0.969724
0.396428,0.017601,0.192294,0.155012,0.088835,0.064258,0.311497,0.000704,0.015104,0.000416,0.001536,0.001440,0.000352,0.947452
0.401100,0.017601,0.191718,0.143300,0.088739,0.063137,0.298760,0.000737,0.014752,0.000416,0.001568,0.001216,0.000416,0.938588
0.396076,0.017569,0.192421,0.146021,0.088802,0.091107,0.330026,0.000672,0.015073,0.000352,0.001600,0.001184,0.000608,0.963453
0.395660,0.017665,0.192005,0.130372,0.098083,0.063266,0.294953,0.000672,0.014849,0.000384,0.001536,0.000992,0.000576,0.927324
0.396971,0.017472,0.191622,0.139012,0.087330,0.063809,0.293704,0.000704,0.014273,0.000416,0.001504,0.001280,0.000640,0.926459
0.396907,0.017312,0.192102,0.104163,0.085250,0.062178,0.255175,0.001088,0.014977,0.000416,0.001536,0.001056,0.000352,0.888986
0.412140,0.017601,0.192069,0.138725,0.100099,0.065025,0.307049,0.000896,0.014368,0.000416,0.001536,0.001248,0.000384,0.955996
0.396012,0.017536,0.191398,0.136516,0.085923,0.061793,0.287592,0.000672,0.014305,0.000416,0.001504,0.001024,0.000416,0.918811
0.396332,0.017504,0.191526,0.143460,0.087171,0.063138,0.296553,0.000704,0.014432,0.000416,0.001504,0.000992,0.000384,0.927963
0.395468,0.017536,0.213415,0.137252,0.092803,0.071554,0.304809,0.000704,0.014752,0.000384,0.001504,0.001056,0.000352,0.958588
0.395948,0.017408,0.191174,0.136036,0.087011,0.064386,0.290249,0.000704,0.014528,0.000416,0.001536,0.001056,0.000608,0.921371
0.397868,0.017728,0.192710,0.132036,0.087395,0.070146,0.293001,0.001216,0.014816,0.000416,0.001568,0.001184,0.000576,0.929147
0.396235,0.017601,0.191750,0.130755,0.085667,0.062914,0.282632,0.001024,0.014752,0.000352,0.001537,0.001184,0.000352,0.915195
0.395148,0.017632,0.191590,0.123876,0.086050,0.061218,0.274184,0.000768,0.014209,0.000416,0.001536,0.000992,0.000384,0.903515
0.395563,0.017825,0.191366,0.148932,0.087139,0.064353,0.303465,0.000672,0.014144,0.000448,0.001536,0.001056,0.000384,0.933883
0.395404,0.017504,0.191398,0.127236,0.087875,0.064801,0.282857,0.000672,0.014624,0.000448,0.001472,0.000992,0.000384,0.912667
0.414732,0.017857,0.191717,0.146917,0.085314,0.062146,0.297257,0.000672,0.014465,0.000416,0.001536,0.000992,0.000544,0.947260
0.398251,0.017600,0.191494,0.144900,0.085603,0.062113,0.295752,0.000737,0.014176,0.000416,0.001568,0.001056,0.000640,0.928763
0.396715,0.017312,0.191782,0.140196,0.085730,0.062754,0.291656,0.000704,0.014273,0.000352,0.001472,0.001024,0.000352,0.922747
0.395915,0.017537,0.191622,0.159492,0.102179,0.061634,0.326409,0.000736,0.014145,0.000416,0.001504,0.001088,0.000288,0.956668
0.395948,0.017504,0.192102,0.141764,0.085955,0.062402,0.293161,0.000800,0.014720,0.000416,0.001568,0.001024,0.000320,0.924923
0.401292,0.017729,0.194118,0.143396,0.093027,0.065858,0.305481,0.000672,0.014464,0.000384,0.001536,0.001152,0.000576,0.945468
0.395916,0.017824,0.192902,0.141060,0.088515,0.062658,0.295433,0.000736,0.014368,0.000384,0.001536,0.001056,0.000416,0.928252
0.396044,0.017408,0.192358,0.146276,0.086979,0.063266,0.301225,0.000640,0.014336,0.000416,0.001568,0.001120,0.000384,0.932955
0.396140,0.017600,0.191782,0.146148,0.084995,0.061474,0.295689,0.000704,0.014528,0.000384,0.001472,0.000992,0.000384,0.927323
0.397004,0.017632,0.192005,0.152229,0.085442,0.061602,0.302249,0.000672,0.014145,0.000384,0.001536,0.001088,0.000576,0.934556
0.412332,0.017696,0.192454,0.140484,0.091843,0.062082,0.297769,0.000704,0.014528,0.000384,0.001536,0.001024,0.000640,0.946683
0.395404,0.017440,0.191750,0.140900,0.086403,0.062626,0.293097,0.000736,0.014784,0.000352,0.001568,0.001024,0.000352,0.923835
0.397484,0.017536,0.191942,0.137540,0.087491,0.062146,0.290025,0.000704,0.014176,0.000352,0.001504,0.001056,0.000352,0.922267
0.396172,0.017344,0.192006,0.138084,0.087363,0.086626,0.316265,0.001056,0.014529,0.000384,0.001536,0.001088,0.000288,0.949084
0.396107,0.017568,0.191654,0.139876,0.087171,0.063521,0.293672,0.000704,0.014209,0.000384,0.001536,0.001024,0.000352,0.924507
0.400972,0.017760,0.192710,0.131364,0.087875,0.064417,0.287017,0.000736,0.014560,0.000352,0.001536,0.001152,0.000384,0.924699
0.397579,0.017600,0.192518,0.147364,0.089635,0.065058,0.305513,0.000800,0.014432,0.000320,0.001568,0.001024,0.000576,0.940091
0.426125,0.017632,0.192294,0.144452,0.095587,0.064962,0.308329,0.000704,0.014689,0.000384,0.001536,0.000992,0.000384,0.970749
0.396300,0.017569,0.192453,0.135940,0.087554,0.061666,0.288393,0.000704,0.014176,0.000384,0.001569,0.001088,0.000416,0.920668
0.396428,0.017408,0.191942,0.133156,0.085250,0.060482,0.282088,0.000704,0.014657,0.000480,0.001536,0.000960,0.000352,0.914011
0.396107,0.017441,0.209702,0.140676,0.095651,0.068962,0.308329,0.000704,0.014145,0.000448,0.001600,0.001024,0.000416,0.957564
0.397260,0.017504,0.193446,0.141220,0.088451,0.064418,0.297545,0.000800,0.014464,0.000416,0.001568,0.001184,0.000384,0.932507
0.396876,0.017601,0.192453,0.140773,0.087234,0.062466,0.293705,0.000736,0.014241,0.000416,0.001536,0.001088,0.000576,0.927036
0.395531,0.017473,0.192806,0.139492,0.087330,0.082370,0.312457,0.001088,0.015488,0.000449,0.001536,0.001088,0.000352,0.946076
0.396044,0.017472,0.192294,0.161637,0.087618,0.063042,0.315305,0.000960,0.014753,0.000384,0.001536,0.000992,0.000320,0.947836
0.397899,0.017632,0.193766,0.141508,0.088899,0.063746,0.298153,0.000768,0.014848,0.000416,0.001568,0.001152,0.000352,0.935163
0.396812,0.017504,0.192614,0.132676,0.085410,0.061057,0.283048,0.000704,0.014177,0.000384,0.001568,0.001376,0.000608,0.916379
0.429004,0.017440,0.192262,0.138276,0.094531,0.063298,0.299625,0.000704,0.014112,0.000352,0.001536,0.001024,0.000288,0.963612
0.395723,0.017312,0.191750,0.135620,0.087394,0.064002,0.290280,0.000672,0.013985,0.000448,0.001536,0.000960,0.000352,0.919867
0.395403,0.017505,0.191686,0.162052,0.087779,0.063202,0.316137,0.000672,0.014496,0.000448,0.001537,0.001024,0.000320,0.946332
0.395916,0.017569,0.208614,0.147268,0.092387,0.063234,0.306473,0.000704,0.014272,0.000352,0.001568,0.001056,0.000384,0.955133
0.395564,0.017344,0.192006,0.137860,0.086403,0.062817,0.290281,0.000736,0.014112,0.000352,0.001568,0.001056,0.000576,0.920667
0.395788,0.017376,0.191718,0.136132,0.085507,0.064961,0.289609,0.000672,0.014560,0.000352,0.001568,0.000960,0.000320,0.920507
0.396011,0.017409,0.191622,0.135300,0.085858,0.062082,0.286536,0.000672,0.014209,0.000416,0.001536,0.001152,0.000352,0.917403
0.395660,0.017312,0.191814,0.135428,0.094563,0.063522,0.296553,0.000736,0.014176,0.000416,0.001472,0.001056,0.000352,0.926939
0.397900,0.017889,0.193157,0.153861,0.090211,0.065730,0.313610,0.000736,0.014400,0.000416,0.001536,0.001120,0.000320,0.949564
0.396940,0.017697,0.192518,0.140356,0.088770,0.062658,0.294920,0.000704,0.014401,0.000352,0.001536,0.001024,0.000320,0.927164
0.428908,0.017409,0.192325,0.142053,0.085154,0.062658,0.292905,0.000640,0.014497,0.000384,0.001536,0.000896,0.000608,0.957084
0.395468,0.017632,0.191974,0.139940,0.085251,0.060930,0.289065,0.000704,0.015360,0.000384,0.001568,0.000896,0.000608,0.920507
0.395275,0.017536,0.191974,0.128132,0.085090,0.061826,0.278408,0.000672,0.014176,0.000353,0.001536,0.000992,0.000608,0.908763
0.396812,0.017793,0.191749,0.164676,0.090691,0.066658,0.325066,0.001184,0.014337,0.000416,0.001568,0.000928,0.000672,0.957213
0.396139,0.017537,0.192165,0.140036,0.085570,0.063074,0.291784,0.000736,0.014113,0.000416,0.001472,0.001152,0.000672,0.923388
0.397675,0.017345,0.191718,0.137316,0.086754,0.070722,0.297832,0.000704,0.014208,0.000416,0.001472,0.001120,0.000672,0.930235
0.395947,0.017633,0.192006,0.128355,0.084323,0.060962,0.276840,0.000736,0.014240,0.000416,0.001504,0.001024,0.000384,0.907834
0.400620,0.017473,0.192550,0.139748,0.091106,0.067810,0.301897,0.001120,0.015200,0.000352,0.001568,0.001056,0.000320,0.940316
0.396204,0.017568,0.192230,0.141540,0.084995,0.062338,0.291785,0.000704,0.014560,0.000416,0.001536,0.000992,0.000384,0.923515
0.395724,0.017440,0.191686,0.145796,0.085699,0.062178,0.296745,0.000704,0.014112,0.000448,0.001568,0.000992,0.000385,0.927356
0.395372,0.051906,0.192165,0.145509,0.093955,0.064897,0.307913,0.000704,0.014048,0.000416,0.001536,0.000992,0.000640,0.973117
0.396299,0.017281,0.192006,0.144708,0.086659,0.063489,0.297864,0.000736,0.014113,0.000384,0.001504,0.001056,0.000608,0.928891
0.396076,0.017345,0.191781,0.141956,0.086627,0.061954,0.293481,0.000672,0.014272,0.000384,0.001568,0.000961,0.000608,0.924220
0.395724,0.017505,0.191749,0.136036,0.104803,0.067137,0.310890,0.000736,0.014176,0.000384,0.001568,0.001088,0.000320,0.941468
0.395979,0.017537,0.191846,0.141028,0.086786,0.065762,0.296552,0.000768,0.014113,0.000416,0.001536,0.001056,0.000640,0.927131
0.395340,0.017472,0.192166,0.134852,0.085411,0.065442,0.288585,0.000608,0.014240,0.000384,0.001568,0.000992,0.000416,0.918811
0.394987,0.017632,0.192102,0.143492,0.084675,0.060577,0.291720,0.000672,0.014145,0.000416,0.001600,0.001024,0.000384,0.921787
0.421772,0.017985,0.192774,0.133187,0.095011,0.065538,0.297000,0.000704,0.014209,0.000448,0.001568,0.001216,0.000384,0.955964
0.395660,0.017696,0.191878,0.126148,0.085506,0.062594,0.277448,0.000768,0.014433,0.000384,0.001536,0.001024,0.000384,0.908699
0.397291,0.017377,0.192006,0.143780,0.083938,0.066178,0.297000,0.000960,0.014337,0.000384,0.001600,0.001088,0.000640,0.930267
0.395403,0.017408,0.223367,0.146116,0.101827,0.063298,0.314409,0.000704,0.014176,0.000416,0.001536,0.001024,0.000352,0.976829
0.395756,0.017504,0.191782,0.136676,0.086691,0.062594,0.288873,0.000736,0.014240,0.000416,0.001632,0.000992,0.000320,0.919323
0.395436,0.017568,0.191782,0.138052,0.086755,0.063810,0.291721,0.000704,0.014400,0.000384,0.001504,0.000992,0.000640,0.922459
0.395212,0.017504,0.192038,0.133924,0.086403,0.061633,0.284968,0.000704,0.014721,0.000416,0.001472,0.000960,0.000352,0.916091
0.396012,0.017472,0.191430,0.131364,0.087874,0.060834,0.282920,0.000672,0.014177,0.000416,0.001504,0.001056,0.000352,0.913211
0.395627,0.017441,0.192006,0.135876,0.099203,0.062273,0.300361,0.000736,0.014272,0.000384,0.001536,0.000928,0.000320,0.930875
0.399819,0.017504,0.191494,0.134852,0.084898,0.060322,0.283240,0.000704,0.014689,0.000416,0.001568,0.000960,0.000256,0.917947
