label,mean,max,min,std,count
TEE[1],0.0308882005,0.063586,0.025185,0.006597407043009043,2000
REE[1],0.00028407000000000004,0.007136,0.000192,0.00020892376042191662,2000
TEE[3],0.031213154,0.05910599999999999,0.025249,0.006381537711072609,1000
REE[3],0.00030190100000000004,0.00528,0.000192,0.00016165824627153294,1000
TEE[4],0.03133123350000001,0.05885,0.025729000000000002,0.0063037195785694946,2000
REE[4],0.0005316365000000001,0.011552,0.000384,0.00031087901062531336,2000
TEE[5],0.037854671,0.074178,0.026463999999999998,0.007910228793677672,1000
REE[5],0.0007891560000000001,0.006657,0.000704,0.00019531082402668312,1000
TEE[6],0.039171118,0.064194,0.027201,0.00842310420406328,1000
REE[6],0.001174125,0.0070079999999999995,0.001056,0.00018871599588297258,1000
TEE[7],0.031391829999999996,0.063362,0.027617000000000003,0.005776111226768751,1000
REE[7],0.0016019690000000004,0.005952000000000001,0.001504,0.00014164737914631193,1000
TEE[8],0.037184406,0.066563,0.028481,0.008291588256243163,2000
REE[8],0.0021806770000000002,0.007809,0.002048,0.00022394071848079987,2000
REE[9],0.002769259,0.015297,0.002656,0.00042124060293918076,1000
TEE[9],0.039872271,0.072002,0.030241000000000004,0.006409558674508016,1000
REE[10],0.003468884,0.012192,0.00336,0.00031193029197410606,1000
TEE[10],0.038323513000000003,0.068675,0.031041000000000003,0.0061494899911278805,1000
REE[11],0.004279969000000001,0.013633000000000001,0.004192,0.00033613775245816655,1000
TEE[11],0.037287018,0.069698,0.032737,0.0075368475268057745,1000
REE[12],0.00520319,0.0176,0.005056000000000001,0.0005174382632317175,1000
TEE[12],0.049589054,0.08768300000000001,0.034945,0.010467513525020185,1000
REE[13],0.0061988419999999995,0.017377,0.0060479999999999996,0.00039869890123983266,1000
TEE[13],0.055665334000000004,0.092003,0.036641,0.011493253969405239,1000
REE[14],0.007328298,0.018113,0.007168000000000001,0.0005730572570134819,1000
TEE[14],0.052814168,0.083011,0.038914,0.008645202857088792,1000
REE[15],0.008497178,0.021697,0.008320999999999999,0.0006085335219717672,1000
TEE[15],0.046465089,0.089283,0.040641000000000004,0.00934548865802834,1000
REE[16],0.009736431000000002,0.023073,0.009568,0.0005451691865466903,2000
TEE[16],0.0536824645,0.092132,0.043393,0.010652322690713669,2000
REE[17],0.011152480999999999,0.023681,0.010944,0.0008784697004755791,1000
TEE[17],0.056047061,0.096419,0.046465,0.008095195525858587,1000
TEE[18],0.06344361700000001,0.100387,0.048962,0.010533877017286955,1000
REE[18],0.012631684999999998,0.028193,0.012384000000000001,0.0009703848476390835,1000
REE[19],0.014134253000000001,0.022177000000000002,0.013952,0.0002815619827695871,1000
TEE[19],0.06397157099999999,0.10842,0.052162,0.009303549045165225,1000
REE[20],0.015859925,0.028993,0.015552000000000002,0.001154469023448053,1000
TEE[20],0.060295989,0.10441900000000001,0.054722,0.008433689720352426,1000
TEE[21],0.07486409100000001,0.11456400000000001,0.05901,0.009012430939550058,1000
REE[21],0.017499001,0.029057,0.017249,0.0005807117883943637,1000
TEE[22],0.06711649800000001,0.110756,0.06157000000000001,0.00845136356513587,1000
REE[22],0.019354227,0.031169,0.019104,0.0006928011149354884,1000
TEE[23],0.079409336,0.129956,0.066274,0.009170111503580101,1000
REE[23],0.021332731000000004,0.032897,0.020993,0.0010394409902496685,1000
REE[24],0.023322991,0.034337,0.02304,0.0007555279925101825,1000
TEE[24],0.076500263,0.11315599999999999,0.069635,0.007872136165720372,1000
TEE[25],0.091078829,0.134949,0.075427,0.009360262795528786,1000
REE[25],0.025448784999999998,0.038817000000000004,0.02512,0.0008818674123176952,1000
TEE[26],0.09819775,0.131492,0.080099,0.008911424407605804,1000
REE[26],0.027697152,0.040929,0.027327999999999998,0.0011968152980948038,1000
TEE[27],0.09685818599999999,0.146565,0.084451,0.009372834720195171,1000
REE[27],0.029936121,0.042817,0.029568999999999998,0.0010490721179536075,1000
TEE[28],0.10456352900000002,0.147493,0.088867,0.010486700376187876,1000
REE[28],0.032291020000000004,0.045153,0.031969,0.0009582289905854436,1000
TEE[29],0.101184386,0.149829,0.09360299999999999,0.008742354085826423,1000
REE[29],0.034724666,0.050722,0.034369,0.0010131104793097776,1000
TEE[30],0.10453394699999999,0.150982,0.098179,0.009963237744053664,1000
REE[30],0.037284455,0.05293,0.036897000000000006,0.001276813124043111,1000
TEE[31],0.115549825,0.16323800000000002,0.10429200000000001,0.011841550572975963,1000
REE[31],0.039982882000000004,0.05744199999999999,0.039553,0.001153158279723167,1000
TEE[32],0.121947249,0.16842200000000002,0.10928299999999999,0.011363577941511882,2000
REE[32],0.042701036000000005,0.061666,0.042241,0.0013285638199257905,2000
REE[33],0.045452632,0.06397,0.045121,0.0008450817307856723,1000
TEE[33],0.12375113199999999,0.159333,0.115748,0.008548560309077425,1000
REE[34],0.04850291899999999,0.066018,0.048001999999999996,0.0013005513223941533,1000
TEE[34],0.134347245,0.175718,0.12083599999999999,0.009574010739528948,1000
REE[35],0.05146563800000001,0.071042,0.050977999999999996,0.0013122556846658878,1000
TEE[35],0.13838057,0.18247,0.12720399999999998,0.00902825828833119,1000
TEE[36],0.143836134,0.185831,0.132996,0.008994228302795455,1000
REE[36],0.054592429,0.073986,0.054113999999999995,0.001287177288616969,1000
TEE[37],0.16042561900000002,0.19703099999999998,0.139781,0.011466393736007332,1000
REE[37],0.057811398,0.07852999999999999,0.057346,0.0015993215020323032,1000
TEE[38],0.16414502099999997,0.203623,0.145477,0.011027852245914285,1000
REE[38],0.061105997,0.082883,0.060514,0.0015053724267217509,1000
REE[39],0.064357762,0.085891,0.063939,0.0010772686225083514,1000
TEE[39],0.158854422,0.21236,0.15270999999999998,0.010142532450745742,1000
REE[40],0.068025599,0.089251,0.06739400000000001,0.0016622473053981175,1000
TEE[40],0.16604218299999998,0.216583,0.158854,0.010315406243453453,1000
REE[41],0.071524443,0.094947,0.070978,0.0014721267173116663,1000
TEE[41],0.18307223099999997,0.222599,0.167078,0.009597834850812056,1000
REE[42],0.07520056500000001,0.1001,0.07453,0.0015936243027116499,1000
TEE[42],0.186101066,0.2258,0.173062,0.010480903973500844,1000
REE[43],0.078985956,0.10378,0.078306,0.0017606546580431065,1000
TEE[43],0.19982161299999998,0.255497,0.181607,0.011030718137721808,1000
REE[44],0.082973231,0.108227,0.082242,0.0017007779247121563,1000
TEE[44],0.205201357,0.261385,0.188039,0.014389764101000178,1000
REE[45],0.086849446,0.11306,0.08601900000000001,0.0018483420119873046,1000
TEE[45],0.20379704699999998,0.244329,0.196711,0.00889670609777468,1000
REE[46],0.090766746,0.118308,0.09005099999999999,0.001549140524887865,1000
TEE[46],0.218973551,0.262344,0.20461500000000002,0.01060564758145494,1000
REE[47],0.09506237199999999,0.122725,0.094179,0.001974415336127517,1000
TEE[47],0.22704586100000004,0.281801,0.21280700000000002,0.010285596440548153,1000
REE[48],0.099316338,0.128261,0.098371,0.002079235017022369,1000
TEE[48],0.23212626899999997,0.27975300000000003,0.220392,0.011877527825515075,1000
REE[49],0.10374975799999998,0.13680499999999998,0.102915,0.0024768005875698967,1000
TEE[49],0.247680617,0.287882,0.22989600000000002,0.010906803496663257,1000
TEE[50],0.255680594,0.29482600000000003,0.238952,0.009261499271712109,1000
REE[50],0.10801046099999999,0.170406,0.107011,0.002678730728310293,1000
TEE[51],0.26640799000000004,0.308235,0.24781599999999998,0.00903838185608887,1000
REE[51],0.112639826,0.146885,0.111524,0.0022440801918896815,1000
TEE[52],0.26673241999999997,0.302122,0.256137,0.008225027565793202,1000
REE[52],0.11721505500000001,0.151013,0.116131,0.0021911275910122385,1000
REE[53],0.12185164600000002,0.15754100000000001,0.120708,0.0023639087226737703,1000
TEE[53],0.28263415499999994,0.319691,0.266953,0.009977913364330293,1000
TEE[54],0.280168662,0.33118000000000003,0.274121,0.00975051092595014,1000
REE[54],0.126627858,0.162149,0.12538,0.002515636649754807,1000
REE[55],0.13161130199999999,0.169382,0.130277,0.002735922406833244,1000
TEE[55],0.300776325,0.341323,0.285706,0.009865316622564044,1000
REE[56],0.136616122,0.17815,0.135301,0.0027236446345313132,1000
TEE[56],0.30756987500000005,0.378189,0.293194,0.01436881564710451,1000
TEE[57],0.31158302600000004,0.361836,0.304523,0.008820691583960032,1000
REE[57],0.14169127499999998,0.184167,0.140229,0.0028355307746785524,1000
REE[58],0.151516751,0.190119,0.145541,0.004043242565744039,1000
TEE[58],0.321761155,0.384845,0.314154,0.008049256694646487,1000
REE[59],0.153738465,0.189639,0.150694,0.0035084510128095396,1000
TEE[59],0.34230469700000005,0.387854,0.325835,0.008643457487981157,1000
REE[60],0.16038595299999997,0.19808699999999999,0.155813,0.004293852488381847,1000
TEE[60],0.3434965099999999,0.39918200000000004,0.334635,0.008981482158734585,1000
REE[61],0.166512713,0.205959,0.162437,0.003896010662936732,1000
TEE[61],0.362534768,0.414894,0.347435,0.01134240229598739,1000
TEE[62],0.36692911000000006,0.41201400000000005,0.356652,0.010044566748997941,1000
REE[62],0.173429522,0.222503,0.16986199999999999,0.004518497311437672,1000
REE[63],0.17919057,0.239112,0.176646,0.003962744957058767,1000
TEE[63],0.37940802399999995,0.41918199999999994,0.36842800000000003,0.009903351420240363,1000
TEE[64],0.38972135750000003,0.443567,0.37799699999999997,0.010764931725897074,2000
REE[64],0.1856926975,0.23472800000000002,0.182982,0.0038009162158660864,2000
TEE[65],0.403594493,0.456271,0.391725,0.010024104034558234,1000
REE[65],0.193317566,0.237704,0.190183,0.004384904094225957,1000
REE[66],0.191323594,0.248009,0.18950999999999998,0.0033140731793673784,1000
TEE[66],0.419167571,0.46792,0.401389,0.01316691570270278,1000
REE[67],0.197419808,0.25437600000000005,0.195527,0.003409421396277292,1000
TEE[67],0.42179761099999996,0.486544,0.41431899999999994,0.009777024153338988,1000
TEE[68],0.43317479200000003,0.478128,0.42430200000000007,0.009709081052892062,1000
REE[68],0.20369080399999998,0.258313,0.201799,0.003646471940272569,1000
TEE[69],0.45297847399999996,0.48888100000000007,0.438767,0.011877888056047505,1000
REE[69],0.209656999,0.267497,0.20768699999999998,0.0035967890191457214,1000
TEE[70],0.466899427,0.51573,0.448879,0.012055169403870981,1000
REE[70],0.215931298,0.282858,0.213927,0.003808096440966233,1000
TEE[71],0.473153659,0.521745,0.463344,0.01021324020652776,1000
REE[71],0.222361768,0.279465,0.22016799999999997,0.0037686861322401666,1000
REE[72],0.228541994,0.289738,0.226696,0.0034384767840656646,1000
TEE[72],0.490682408,0.535315,0.474704,0.01311109667226527,1000
TEE[73],0.496065014,0.5468029999999999,0.48888100000000007,0.008250850522712924,1000
REE[73],0.235481601,0.298058,0.233384,0.0040286613143555245,1000
REE[74],0.24201704699999999,0.308107,0.23972,0.004122440589165864,1000
TEE[74],0.511850405,0.553747,0.499825,0.010765346945632307,1000
REE[75],0.248746979,0.314443,0.246344,0.0040328075569447085,1000
TEE[75],0.523409295,0.567923,0.515217,0.009911474863709684,1000
TEE[76],0.543085494,0.592532,0.5262899999999999,0.011526095308169934,1000
REE[76],0.255669247,0.325867,0.25316,0.0041325048271160115,1000
TEE[77],0.565171372,0.606196,0.5439229999999999,0.010836525425103055,1000
REE[77],0.26240654700000005,0.33521100000000004,0.259977,0.004212643105667358,1000
REE[78],0.269308706,0.343979,0.26669699999999996,0.004257758462229471,1000
TEE[78],0.570022774,0.625398,0.553746,0.01133593307158822,1000
REE[79],0.27651790200000004,0.351564,0.274057,0.004335089564233468,1000
TEE[79],0.579424928,0.622133,0.570707,0.007685027659868829,1000
TEE[80],0.6007660539999999,0.659574,0.582036,0.011646929974844141,1000
REE[80],0.283991345,0.362636,0.281449,0.00452297246065625,1000
REE[81],0.291073399,0.382413,0.288457,0.0047083393864054204,1000
TEE[81],0.62391752,0.6649189999999999,0.599124,0.011950476417959923,1000
TEE[82],0.621487992,0.661239,0.6103890000000001,0.00961641829637141,1000
REE[82],0.29827810899999996,0.380429,0.29575500000000005,0.004504645215512164,1000
TEE[83],0.6452960409999999,0.697303,0.627478,0.013294788372034214,1000
REE[83],0.305665554,0.385997,0.303178,0.004350981396213295,1000
REE[84],0.31362572299999997,0.397038,0.310699,0.004709030043673881,1000
TEE[84],0.659775037,0.7060069999999999,0.639574,0.014572945784242163,1000
REE[85],0.32103473,0.417742,0.318155,0.005064599310238993,1000
TEE[85],0.670404748,0.72316,0.657718,0.010839401879605883,1000
REE[86],0.328821236,0.413998,0.325835,0.004820490232993984,1000
TEE[86],0.684555623,0.748537,0.668855,0.010538654640536596,1000
REE[87],0.336637464,0.44263900000000006,0.333611,0.00532171000939812,1000
TEE[87],0.704583876,0.746777,0.687767,0.011801431347700094,1000
TEE[88],0.719062076,0.771578,0.700952,0.013316665168029922,1000
REE[88],0.34484497199999997,0.441999,0.34189899999999995,0.0051591187648323865,1000
REE[89],0.35272196399999994,0.44359899999999997,0.349548,0.005073363161106098,1000
TEE[89],0.7430525769999999,0.781659,0.720344,0.0121715869425795,1000
TEE[90],0.754399281,0.798491,0.732344,0.012613669866122649,1000
REE[90],0.36080557799999996,0.458736,0.357772,0.005336307309143056,1000
REE[91],0.369199358,0.522642,0.365772,0.0065216541260922755,1000
TEE[91],0.769385806,0.815228,0.751129,0.01127984542887283,1000
TEE[92],0.784084838,0.8337559999999999,0.763418,0.012850630372036802,1000
REE[92],0.377167046,0.480016,0.374125,0.005187468316763142,1000
TEE[93],0.800328198,0.8536290000000001,0.784187,0.01346090060731287,1000
REE[93],0.385619343,0.48856000000000005,0.382285,0.005565332821922672,1000
TEE[94],0.816556287,0.8779170000000001,0.796347,0.013862295998028892,1000
REE[94],0.39414594799999997,0.497041,0.39035,0.005607232893149171,1000
TEE[95],0.830538063,0.919135,0.817372,0.013883050833209122,1000
REE[95],0.402905801,0.523154,0.39934200000000003,0.006161875604583832,1000
REE[96],0.41172522100000003,0.521073,0.407885,0.005751312730697687,1000
TEE[96],0.840802358,0.8922540000000001,0.8292440000000001,0.010427815050746182,1000
TEE[97],0.876361785,0.927391,0.8532129999999999,0.014616365529983204,1000
REE[97],0.420477316,0.6143890000000001,0.416814,0.007834569796615643,1000
TEE[98],0.881066684,0.937536,0.863549,0.01348265228947565,1000
REE[98],0.429099192,0.544403,0.425199,0.006096016223315922,1000
TEE[99],0.9086220660000001,0.9545610000000001,0.886814,0.014401119805184848,1000
REE[99],0.438048814,0.6162449999999999,0.434479,0.00742416976166723,1000
REE[100],0.44739527,0.58258,0.443503,0.00647568052789816,1000
TEE[100],0.9112194769999999,0.963585,0.898431,0.009893815215324467,1000
TEE[101],0.9391857100000001,0.9925780000000001,0.9228799999999999,0.011499796329741038,1000
REE[101],0.45618990600000003,0.5769479999999999,0.45192,0.00652318453131548,1000
TEE[102],0.9565919,1.000738,0.934752,0.01262277281232105,1000
REE[102],0.46534300199999995,0.586036,0.461392,0.006337305099323997,1000
TEE[103],0.970623248,1.0409959999999998,0.957889,0.01300984762607732,1000
REE[103],0.474867882,0.601749,0.47063999999999995,0.006646511621204526,1000
TEE[104],0.995656328,1.07418,0.970561,0.015005591023627975,1000
REE[104],0.484666216,0.615989,0.48052799999999996,0.006631760387648453,1000
TEE[105],1.0109619699999999,1.0761969999999998,0.9947540000000001,0.012819618029860775,1000
REE[105],0.493621077,0.630422,0.488752,0.0069143867727741795,1000
TEE[106],1.020041826,1.0726129999999998,1.007682,0.009344805368604587,1000
REE[106],0.503241821,0.638582,0.498896,0.007104130411800368,1000
REE[107],0.51316706,0.6502939999999999,0.508785,0.0072418238745104386,1000
TEE[107],1.056848484,1.143527,1.032995,0.016027747462462234,1000
REE[108],0.523287734,0.662007,0.5185770000000001,0.007103114983421829,1000
TEE[108],1.066179273,1.104134,1.0463719999999999,0.012250312984192758,1000
TEE[109],1.0805496079999999,1.158535,1.0704040000000001,0.011320878291175986,1000
REE[109],0.5330150969999999,0.671351,0.528306,0.007237385600195483,1000
REE[110],0.5427608279999999,0.68604,0.537906,0.00725497688666491,1000
TEE[110],1.102157002,1.151303,1.082949,0.012024556652396073,1000
TEE[111],1.1266184989999999,1.177928,1.11047,0.011932660717702603,1000
REE[111],0.553019133,0.704407,0.547891,0.007608690771648535,1000
TEE[112],1.1449757239999998,1.237514,1.123622,0.015098800066073436,1000
REE[112],0.5635010469999999,0.712824,0.558227,0.007550746958309451,1000
TEE[113],1.168982248,1.210346,1.149543,0.01185838081105325,1000
REE[113],0.5732878459999999,0.727577,0.568948,0.007633170903256545,1000
REE[114],0.583714553,0.737433,0.5787399999999999,0.008059726850588493,1000
TEE[114],1.1844751640000002,1.239946,1.1634639999999998,0.011562468344576053,1000
TEE[115],1.2118711819999999,1.245227,1.1915280000000001,0.011002886604819417,1000
REE[115],0.594272879,0.7508729999999999,0.5893,0.007841883727188878,1000
REE[116],0.6051834859999999,0.76265,0.599796,0.008050516828938191,1000
TEE[116],1.2302459129999996,1.2727469999999999,1.204777,0.014444493578598495,1000
TEE[117],1.261992769,1.303821,1.234666,0.014392485657628566,1000
REE[117],0.615214242,0.779771,0.609749,0.00814566888235564,1000
REE[118],0.626366967,0.795323,0.62095,0.00831076799282362,1000
TEE[118],1.262948952,1.362767,1.245803,0.013432465032321525,1000
REE[119],0.637243864,0.822492,0.631861,0.008668232273090302,1000
TEE[119],1.291847095,1.342126,1.274411,0.011373715686726892,1000
TEE[120],1.301266392,1.349102,1.2884280000000001,0.009496796295394154,1000
REE[120],0.6483409450000001,0.82294,0.64303,0.00860698631132514,1000
TEE[121],1.3351563929999997,1.3967200000000002,1.3178040000000002,0.01174150761672728,1000
REE[121],0.6588012750000001,0.829852,0.6530779999999999,0.008779404520986496,1000
TEE[122],1.349510789,1.433168,1.329613,0.014096766050820688,1000
REE[122],0.6701821760000001,0.8468129999999999,0.664087,0.00881697661614647,1000
TEE[123],1.376747275,1.435953,1.36155,0.01094143914244753,1000
REE[123],0.6811893450000001,0.8783979999999999,0.6752229999999999,0.00912470897101824,1000
TEE[124],1.4004333690000001,1.446129,1.378159,0.013138660852531238,1000
REE[124],0.6932145290000001,0.878302,0.6865829999999999,0.009390850047454323,1000
TEE[125],1.4341368950000002,1.520116,1.406511,0.013943674344957043,1000
REE[125],0.703621012,0.8920309999999999,0.697367,0.009127259716464069,1000
TEE[126],1.433526928,1.480818,1.418544,0.010019975592269957,1000
REE[126],0.715217582,0.9049590000000001,0.709272,0.009338033604076765,1000
TEE[127],1.4613736279999998,1.5164360000000001,1.450002,0.010184471700556462,1000
REE[127],0.727010935,0.932575,0.720376,0.009816305992179903,1000
TEE[128],1.4778798055000002,1.5597969999999999,1.462834,0.011092517169301357,2000
REE[128],0.7392969105,0.949728,0.732217,0.009786500515181951,2000
TEE[129],1.513818144,1.561814,1.496883,0.01162253381417002,1000
REE[129],0.7504733640000001,0.974017,0.743641,0.010171489462482346,1000
TEE[130],1.5319394259999999,1.614007,1.5125,0.014605619430667,1000
REE[130],0.762547194,0.9784649999999999,0.755961,0.009949705761332896,1000
TEE[131],1.5549490459999997,1.650648,1.542261,0.01270460059664231,1000
REE[131],0.774625649,0.9784010000000001,0.7678020000000001,0.009864522762969336,1000
TEE[132],1.5767549789999997,1.6945860000000001,1.5565639999999998,0.012714621925770123,1000
REE[132],0.787026169,0.9991700000000001,0.77977,0.0100462008786672,1000
REE[133],0.798825576,1.006594,0.79161,0.010113369488188823,1000
TEE[133],1.611150351,1.688826,1.590518,0.015005182043079148,1000
REE[134],0.810789633,1.040484,0.8032590000000001,0.010809720084841401,1000
TEE[134],1.622860122,1.671961,1.604567,0.011280306910501641,1000
REE[135],0.823152255,1.0585,0.815228,0.010973769934281728,1000
TEE[135],1.659922967,1.697209,1.639448,0.010270669544328636,1000
REE[136],0.8364290659999999,1.062052,0.8289559999999999,0.010711688536778546,1000
TEE[136],1.679785948,1.7246669999999997,1.654233,0.013402691519962517,1000
REE[137],0.8483297870000001,1.0701479999999999,0.840701,0.010729333456000006,1000
TEE[137],1.70230046,1.7821080000000002,1.6862009999999998,0.011619368588989973,1000
REE[138],0.860831006,1.0926129999999998,0.853469,0.010965945906376957,1000
TEE[138],1.721887541,1.769021,1.7024569999999999,0.011529764955116787,1000
REE[139],0.87355636,1.111142,0.865598,0.011379255082677278,1000
TEE[139],1.756444516,1.818974,1.736763,0.01138514074131029,1000
REE[140],0.887184257,1.136423,0.8790379999999999,0.011760065624750973,1000
TEE[140],1.771870702,1.819966,1.7527,0.011390708189496132,1000
REE[141],0.899392087,1.1302459999999999,0.8908149999999999,0.011296746520985161,1000
TEE[141],1.806456185,1.873184,1.788189,0.010940182304314067,1000
TEE[142],1.8204071629999998,1.933186,1.802141,0.013884277819137376,1000
REE[142],0.9121328919999999,1.148167,0.903935,0.011297609063908032,1000
REE[143],0.925224196,1.1773200000000001,0.916639,0.011581653238865744,1000
TEE[143],1.854776929,1.9229459999999998,1.83779,0.013065323039331292,1000
TEE[144],1.8806351679999997,1.9303689999999998,1.852095,0.01374417228419207,1000
REE[144],0.939109799,1.184616,0.930048,0.011495607204562993,1000
REE[145],0.9517874980000001,1.218569,0.9429120000000001,0.012497225304775225,1000
TEE[145],1.9089387580000001,1.963395,1.8906560000000001,0.01218210064872441,1000
TEE[146],1.9204854799999997,1.982307,1.903904,0.011748732587007036,1000
REE[146],0.964961596,1.2095129999999998,0.9561280000000001,0.011932205145672878,1000
TEE[147],1.962406708,2.038118,1.94205,0.013928728213961045,1000
REE[147],0.978124582,1.246923,0.9695370000000001,0.012509939748687509,1000
REE[148],0.998219167,1.247658,0.9833930000000001,0.012243140132965333,1000
TEE[148],1.9762808840000003,2.023845,1.957379,0.013467285751109837,1000
REE[149],1.005184826,1.286571,0.997442,0.0124714335679971,1000
TEE[149],2.0180065949999997,2.078535,1.995524,0.01266296199020357,1000
REE[150],1.018859977,1.304972,1.0098260000000001,0.012950716774041212,1000
TEE[150],2.036681122,2.086343,2.0112360000000002,0.014306898132344594,1000
REE[151],1.0328801140000001,1.3077239999999999,1.023491,0.012743038428388705,1000
TEE[151],2.063311459,2.09972,2.047622,0.01037945509785786,1000
TEE[152],2.085543768,2.182858,2.064518,0.01326681408334715,1000
REE[152],1.047231289,1.330445,1.039747,0.012727774435208717,1000
TEE[153],2.117898384,2.169609,2.102664,0.011326335754698966,1000
REE[153],1.0605854989999999,1.3558860000000001,1.050659,0.013074142570890186,1000
REE[154],1.0744577479999997,1.369902,1.065765,0.013046739367313761,1000
TEE[154],2.138516001,2.270381,2.116584,0.01227449101595254,1000
TEE[155],2.1876190980000003,2.273933,2.159369,0.016929799300013416,1000
REE[155],1.088778792,1.397936,1.079365,0.013477211823343405,1000
REE[156],1.1041741029999999,1.3908,1.093509,0.01318620931475318,1000
TEE[156],2.195009261,2.2400130000000003,2.174986,0.013278044686457968,1000
REE[157],1.116999816,1.4252639999999999,1.107205,0.013389574025663873,1000
TEE[157],2.2351162459999996,2.332399,2.213899,0.0116986182569826,1000
TEE[158],2.2469661409999997,2.30619,2.2286200000000003,0.011006103398803055,1000
REE[158],1.131550092,1.433584,1.1217979999999999,0.013328619592207203,1000
TEE[159],2.285027286,2.329487,2.269357,0.008989511216863907,1000
REE[159],1.146135799,1.451825,1.136167,0.013995770441274173,1000
REE[160],1.161642353,1.473554,1.152615,0.013748671296340088,1000
TEE[160],2.3095031319999997,2.376177,2.2869580000000003,0.015089814425232809,1000
REE[161],1.175786567,1.494451,1.164935,0.01421679088995543,1000
TEE[161],2.363949866,2.4102900000000003,2.329487,0.016684585150362103,1000
TEE[162],2.3633040540000003,2.415698,2.345904,0.010917439547685233,1000
REE[162],1.190006046,1.507923,1.179912,0.014506550277610481,1000
TEE[163],2.415280056,2.581944,2.3864490000000003,0.016597659464049397,1000
REE[163],1.205379448,1.536532,1.19492,0.014461023369325704,1000
REE[164],1.2195542000000001,1.5670620000000002,1.210601,0.014537229018817365,1000
TEE[164],2.432200856,2.498837,2.405554,0.01341442097876235,1000
TEE[165],2.46304349,2.537366,2.444755,0.012875426280780453,1000
REE[165],1.2351765600000002,1.5614940000000002,1.223882,0.014650501782153028,1000
TEE[166],2.494845543,2.622265,2.462195,0.02004882192431026,1000
REE[166],1.249956415,1.586902,1.2391459999999999,0.014542551099626926,1000
TEE[167],2.528507985,2.588376,2.504406,0.012150397432122685,1000
REE[167],1.26557041,1.599959,1.254442,0.014703678864013456,1000
REE[168],1.281787384,1.6529200000000002,1.2705389999999999,0.01558222741939977,1000
TEE[168],2.542735712,2.593528,2.519573,0.011993544836652955,1000
REE[169],1.29643946,1.665657,1.285419,0.01586951638383025,1000
TEE[169],2.5890908469999996,2.638138,2.5644709999999997,0.012948796484847426,1000
REE[170],1.311694403,1.6751919999999998,1.300908,0.015430996939054972,1000
TEE[170],2.599450664,2.669819,2.5754799999999998,0.01394363952791338,1000
REE[171],1.3267806839999998,1.6737529999999998,1.314861,0.01523845436432309,1000
TEE[171],2.6544394540000003,2.715036,2.626745,0.01329682962461164,1000
REE[172],1.344374052,1.748923,1.334861,0.016502842762886414,1000
TEE[172],2.6629227459999996,2.734269,2.642393,0.011916548456100469,1000
REE[173],1.358988581,1.733275,1.347501,0.016463015901529494,1000
TEE[173],2.7127205,2.765086,2.687836,0.01158387200769633,1000
TEE[174],2.727095505,2.816735,2.705147,0.013267732964828654,1000
REE[174],1.3746122440000001,1.754331,1.363918,0.015973978230640517,1000
REE[175],1.3911278009999999,1.7820770000000001,1.378415,0.01681881743522173,1000
TEE[175],2.766627671,2.813312,2.749438,0.009467093196454196,1000
TEE[176],2.792212235,2.848705,2.764062,0.014673044974803552,1000
REE[176],1.407874869,1.79142,1.3950559999999999,0.01639360422583613,1000
TEE[177],2.841270453,2.9028509999999996,2.8141439999999998,0.013569108900223968,1000
REE[177],1.4227268610000001,1.871648,1.409808,0.018384572291299382,1000
REE[178],1.439601306,1.83923,1.427344,0.01707539927359582,1000
TEE[178],2.8473127060000003,2.929828,2.824544,0.011776363283533245,1000
TEE[179],2.9052587279999997,2.948517,2.8785939999999997,0.012355477896061166,1000
REE[179],1.4559686139999999,1.851391,1.443761,0.01696586041155911,1000
REE[180],1.47350406,1.886656,1.459986,0.017394100165831494,1000
TEE[180],2.9129230879999994,2.9582759999999997,2.8924819999999998,0.011423646614204334,1000
REE[181],1.489411783,1.971875,1.476882,0.019596909230163984,1000
TEE[181],2.9660867520000003,3.0405189999999997,2.941636,0.012844958651909526,1000
TEE[182],2.9818727400000005,3.0329029999999997,2.958469,0.012511745951591147,1000
REE[182],1.505797309,1.913313,1.493234,0.01837298310056188,1000
REE[183],1.522052191,1.9439389999999999,1.508435,0.01895894687521266,1000
TEE[183],3.0397414479999996,3.107434,3.006438,0.016730201216304422,1000
TEE[184],3.058684141,3.109994,3.022982,0.014624097914843915,1000
REE[184],1.540786696,2.0132849999999998,1.526804,0.020164434870067964,1000
TEE[185],3.0989995429999997,3.142795,3.072552,0.013500757969606926,1000
REE[185],1.556604081,1.998052,1.543668,0.019810977001910056,1000
TEE[186],3.117629995,3.170572,3.087561,0.013977436830740191,1000
REE[186],1.573108994,1.994948,1.5604049999999998,0.018973400454656952,1000
TEE[187],3.163286203,3.219949,3.140682,0.011886881878886233,1000
REE[187],1.590385632,2.0369650000000004,1.57711,0.019620935155311665,1000
TEE[188],3.196413875,3.262063,3.158219,0.015808978950546868,1000
REE[188],1.6092664460000001,2.101512,1.595734,0.020971987570321843,1000
TEE[189],3.2479597570000007,3.3009129999999995,3.207725,0.01762025292812797,1000
REE[189],1.6241822550000002,2.084551,1.610391,0.020528641927350093,1000
REE[190],1.6421370109999998,2.116968,1.628599,0.021056417858456095,1000
TEE[190],3.247360972,3.328689,3.2193099999999997,0.013630541685709404,1000
TEE[191],3.3115462150000003,3.3636660000000003,3.27736,0.012242243723278637,1000
REE[191],1.659290479,2.1214169999999997,1.6459759999999999,0.020871118161633694,1000
REE[192],1.677630017,2.150537,1.662552,0.02103968523442008,1000
TEE[192],3.321533617,3.3800190000000003,3.2915349999999997,0.014206726731542912,1000
REE[193],1.694992377,2.190987,1.6798970000000002,0.0217819897701109,1000
TEE[193],3.368995697,3.4160839999999997,3.344722,0.01286998939059798,1000
TEE[194],3.3971619769999997,3.509143,3.355858,0.017978716192776682,1000
REE[194],1.7130547409999999,2.18145,1.69849,0.02084904006916684,1000
REE[195],1.730454196,2.225387,1.715354,0.02205488403885977,1000
TEE[195],3.435844413,3.4984230000000003,3.41234,0.011736814963179366,1000
REE[196],1.750914923,2.305774,1.736443,0.023219081207903346,1000
TEE[196],3.459589149,3.542361,3.432469,0.011356273485711815,1000
REE[197],1.7670718650000001,2.318863,1.7518029999999998,0.023358689674339118,1000
TEE[197],3.514787037,3.5739129999999997,3.4847580000000002,0.014128083772781143,1000
REE[198],1.785099219,2.288846,1.7693720000000002,0.02225673568667394,1000
TEE[198],3.5371923420000004,3.7151339999999995,3.504919,0.021725977719930647,1000
TEE[199],3.5895644279999996,3.645628,3.555801,0.015570393612046228,1000
REE[199],1.8032280310000002,2.388529,1.7880919999999998,0.024845921049154535,1000
REE[200],1.822901476,2.39989,1.80723,0.02442228496497276,1000
TEE[200],3.594960352,3.6580760000000003,3.571065,0.011356534748310587,1000
REE[201],1.8399402580000002,2.3559200000000002,1.82355,0.02301052905430023,1000
TEE[201],3.6544807200000005,3.711294,3.626523,0.01441307929056924,1000
TEE[202],3.671196524,3.7201910000000002,3.6450839999999998,0.011531008926902127,1000
REE[202],1.8581534320000002,2.394225,1.8421740000000002,0.023887458003086587,1000
TEE[203],3.7362328710000003,3.791265,3.700158,0.014327412369774688,1000
REE[203],1.877034189,2.4420669999999998,1.861663,0.024325044686501183,1000
TEE[204],3.752984458,3.806465,3.7168629999999996,0.01588776801689888,1000
REE[204],1.897513046,2.4620029999999997,1.880352,0.02454046079183843,1000
TEE[205],3.794147654,3.848035,3.772128,0.009108441565934539,1000
REE[205],1.914075566,2.507829,1.8976959999999998,0.02518541404349324,1000
TEE[206],3.829941534,3.900324,3.7948809999999997,0.013995617998359347,1000
REE[206],1.933886477,2.568216,1.917377,0.026772133205290784,1000
TEE[207],3.891209436,3.9571910000000003,3.854403,0.016668263993723776,1000
REE[207],1.951872274,2.535575,1.934306,0.026071604581505498,1000
REE[208],1.972661938,2.551894,1.95629,0.025565302059971314,1000
TEE[208],3.891622675,3.940837,3.8643870000000002,0.011941481068673545,1000
TEE[209],3.968856782,4.032329,3.922885,0.016609675968852194,1000
REE[209],1.990499805,2.5657509999999997,1.973699,0.024843870879983177,1000
REE[210],2.008678431,2.647418,1.9920669999999998,0.026776698059510797,1000
TEE[210],3.983327412,4.130381,3.9466940000000004,0.021925351557071034,1000
TEE[211],4.024696529,4.083722,4.007592,0.01015227173525935,1000
REE[211],2.028050925,2.670107,2.013477,0.027520667185402754,1000
TEE[212],4.056557163000001,4.109548,4.024937,0.017435675819242113,1000
REE[212],2.0506746620000005,2.660634,2.0332529999999998,0.02661074995145261,1000
TEE[213],4.102270909,4.195406,4.083627,0.01291651796697198,1000
REE[213],2.0658784999999997,2.706972,2.050246,0.027895119092220578,1000
TEE[214],4.11585793,4.175438,4.0948910000000005,0.011687249134309886,1000
REE[214],2.0866947920000003,2.7272279999999998,2.070727,0.027731120036038732,1000
TEE[215],4.195997154,4.277906,4.160845,0.019644783629302887,1000
REE[215],2.106498046,2.711548,2.089127,0.026475080174687672,1000
REE[216],2.127690958,2.7215,2.110888,0.02635314216700373,1000
TEE[216],4.207008291,4.266513,4.1769099999999995,0.014679030808530825,1000
TEE[217],4.273747387999999,4.3714129999999995,4.23864,0.01925424613324593,1000
REE[217],2.146493372,2.784543,2.127912,0.027525640388816216,1000
REE[218],2.166061781,2.853345,2.1490970000000003,0.02845660344838888,1000
TEE[218],4.281944158,4.341876,4.257457,0.016757032824582033,1000
TEE[219],4.334128870999999,4.39759,4.314931,0.014646173236474826,1000
REE[219],2.185745494,2.832096,2.1676900000000003,0.027851921911281382,1000
REE[220],2.2085654089999998,2.9259560000000002,2.1896419999999996,0.029597906106540898,1000
TEE[220],4.355169829,4.406326,4.334868,0.011094815102917517,1000
TEE[221],4.408694813,4.466552,4.392629,0.011272142001204834,1000
REE[221],2.2263941089999997,2.899938,2.208875,0.028258404444994698,1000
REE[222],2.2467474320000003,2.974533,2.229835,0.03011233796098956,1000
TEE[222],4.443417268,4.543707,4.407573999999999,0.01827666812901284,1000
REE[223],2.267798753,2.963013,2.251757,0.029637451340152908,1000
TEE[223],4.502536212,4.557339,4.473944,0.014938454120107431,1000
REE[224],2.289665112,2.95514,2.270861,0.029067519961843813,1000
TEE[224],4.512505064999999,4.580603,4.491993,0.015854392351194055,1000
REE[225],2.30834843,3.013447,2.289966,0.029743802205884226,1000
TEE[225],4.581412849,4.641182,4.552891000000001,0.01639040685532493,1000
TEE[226],4.6117572099999995,4.724705,4.572955,0.019329231281813714,1000
REE[226],2.328756889,3.079369,2.3104139999999997,0.031140802027815762,1000
TEE[227],4.651253058,4.76221,4.634589,0.011352254544533438,1000
REE[227],2.350570627,3.083689,2.3311509999999998,0.030851626994602498,1000
TEE[228],4.673386778999999,4.73264,4.651934,0.01222841514707315,1000
REE[228],2.3730609129999998,3.068168,2.355312,0.0302182098590654,1000
TEE[229],4.756829501,4.824004,4.721248999999999,0.01886834496196217,1000
REE[229],2.392031358,3.112777,2.3732330000000004,0.031283711913276994,1000
REE[230],2.413221884,3.124875,2.394289,0.030254881979444797,1000
TEE[230],4.772978685,4.82986,4.738273,0.019859456009638662,1000
TEE[231],4.821220051,4.894374,4.800643,0.013607419846513086,1000
REE[231],2.4343009579999997,3.2468939999999997,2.413522,0.03365530412502587,1000
REE[232],2.469325984,3.18382,2.441107,0.03149760645264953,1000
TEE[232],4.856301526,4.9842010000000005,4.816228,0.020025412250616242,1000
TEE[233],4.898566056,4.979049,4.88167,0.012092364168103711,1000
REE[233],2.476757861,3.2268939999999997,2.456531,0.03225354963103255,1000
TEE[234],4.92164214,4.977225,4.89383,0.013273685702717789,1000
REE[234],2.4979157969999997,3.232462,2.477364,0.03167568593848386,1000
REE[235],2.519613007,3.281456,2.499701,0.03269103613608174,1000
TEE[235],4.990564198,5.050028,4.970153,0.01568678995709301,1000
TEE[236],5.015658019000001,5.087276999999999,4.985641,0.01852327234991669,1000
REE[236],2.5429533250000005,3.2986720000000003,2.522998,0.03272180288207281,1000
REE[237],2.561959472,3.362835,2.539766,0.03385403611731767,1000
TEE[237],5.088779783,5.163631,5.05486,0.018546728918585345,1000
TEE[238],5.109160118,5.174832,5.07006,0.02170240564893733,1000
REE[238],2.5842790649999996,3.3725620000000003,2.565432,0.03358740577558065,1000
TEE[239],5.16945808,5.226514,5.138991000000001,0.01798759086800773,1000
REE[239],2.606684313,3.402387,2.586552,0.033865353328100214,1000
REE[240],2.6314755370000005,3.425268,2.6125689999999997,0.03392163294457177,1000
TEE[240],5.187156261,5.255731,5.152558999999999,0.019924617593497906,1000
REE[241],2.651082916,3.480311,2.629721,0.0351208978997438,1000
TEE[241],5.248226672,5.318868,5.228145,0.014946507332948044,1000
REE[242],2.672867655,3.4684699999999995,2.65433,0.034379305292754056,1000
TEE[242],5.274507217,5.350102,5.244146,0.0198140681576719,1000
REE[243],2.694268038,3.505495,2.671163,0.03506401601684817,1000
TEE[243],5.328025375000001,5.368374,5.312853,0.009376533002315855,1000
REE[244],2.7198799169999996,3.530104,2.701307,0.034892405273008145,1000
TEE[244],5.339199202,5.397558999999999,5.323508,0.0114091288136949,1000
TEE[245],5.4339136880000005,5.508891,5.400216,0.019690606217073435,1000
REE[245],2.738380866,2.923747,2.720253,0.00773101743800069,1000
TEE[246],5.450616162,5.5285400000000005,5.419096,0.02172731674097192,1000
REE[246],2.7615819700000004,3.680125,2.7417569999999998,0.03903691607388651,1000
TEE[247],5.529919926000001,5.612063,5.487866,0.02202175094912733,1000
REE[247],2.7859389,3.6821089999999996,2.766782,0.037151169278109276,1000
TEE[248],5.52735275,5.882152,5.5011790000000005,0.019064137499454265,1000
REE[248],2.810338823,3.646428,2.787807,0.0354047142268534,1000
TEE[249],5.603326216,5.972683,5.5791010000000005,0.01962169739278224,1000
REE[249],2.830244982,3.6820769999999996,2.807711,0.03648850451302812,1000
TEE[250],5.610526477,5.690273,5.588413,0.010739858032303087,1000
REE[250],2.853470572,3.70899,2.833409,0.0368887979273565,1000
TEE[251],5.689786166,5.765764,5.667745,0.012960231977683105,1000
REE[251],2.877467373,3.742271,2.856449,0.03710152182724812,1000
TEE[252],5.722813086,5.801125,5.681344999999999,0.019697198322918334,1000
REE[252],2.901797353,3.789056,2.882818,0.03799298105545117,1000
REE[253],2.922340408,3.803329,2.9016029999999997,0.029089783590272127,1000
TEE[253],5.775734477,5.855398999999999,5.755876,0.01249225694833139,1000
REE[254],2.945245888,3.900837,2.923107,0.04132538521425495,1000
TEE[254],5.7931525829999995,5.849383,5.7654440000000005,0.012099685002357155,1000
TEE[255],5.891613817,5.954922,5.851015,0.020615261459233144,1000
REE[255],2.9689472750000006,3.860579,2.947237,0.038496635557963475,1000
TEE[256],5.8819550935,5.948042,5.860168,0.011774925373544156,2000
REE[256],2.9962638975,3.976776,2.973477,0.03703746545246536,2000
REE[257],3.0177866709999996,3.963398,2.99511,0.04006703094100168,1000
TEE[257],5.961477920999999,6.020716999999999,5.942026,0.011964533983996743,1000
TEE[258],5.976808436000001,6.033165,5.959914,0.011039372852607292,1000
REE[258],3.0410875050000006,3.960839,3.0175110000000003,0.039651957796142195,1000
REE[259],3.0669290350000002,4.000712,3.045383,0.03980787017422035,1000
TEE[259],6.081574255,6.157776999999999,6.035309,0.023368483220611604,1000
TEE[260],6.072057337,6.158576999999999,6.051469,0.0137609881773457,1000
REE[260],3.092406744,4.039689,3.071401,0.0407955675897693,1000
TEE[261],6.144482185999999,6.200595,6.126224,0.012573844934857824,1000
REE[261],3.1116240360000003,4.082347,3.089609,0.0417420760425862,1000
TEE[262],6.164874939000001,6.235892,6.139697,0.013480131353907396,1000
REE[262],3.1363490690000004,4.069514,3.113002,0.031133703883440215,1000
TEE[263],6.259691517,6.334295,6.2293959999999995,0.018901726400215917,1000
REE[263],3.1620082760000003,4.252783999999999,3.13761,0.04571676406350586,1000
TEE[264],6.2536694200000005,6.313687,6.234356,0.013328121898111916,1000
REE[264],3.1874495080000003,4.174766,3.168716,0.03315295505086297,1000
REE[265],3.2095485529999994,4.180046,3.1886520000000003,0.03153281372987374,1000
TEE[265],6.355338729,6.4255949999999995,6.317719,0.022691791868333262,1000
TEE[266],6.356315791999999,6.421435,6.32495,0.01314987761068184,1000
REE[266],3.233085166,4.3043059999999995,3.213326,0.035719024509865596,1000
TEE[267],6.4285106260000004,6.507645,6.407738,0.014375454247325219,1000
REE[267],3.2580376099999993,4.313874,3.23627,0.03518724205187325,1000
REE[268],3.286617889,4.302386,3.263823,0.04402068018898596,1000
TEE[268],6.477484432,6.877674000000001,6.424826,0.0300626059187823,1000
REE[269],3.30772772,4.340211,3.2852639999999997,0.04433225350719977,1000
TEE[269],6.5362808459999995,6.589664,6.5052769999999995,0.013708688114188617,1000
REE[270],3.3329262589999997,4.345619999999999,3.312657,0.04381032388566518,1000
TEE[270],6.547351839,6.9871490000000005,6.520029,0.022823621380490867,1000
TEE[271],6.634755505,7.067696000000001,6.603039999999999,0.02691502565125628,1000
REE[271],3.3570412849999998,4.414486,3.336849,0.03445053990316254,1000
TEE[272],6.653259047,6.717283999999999,6.619936999999999,0.01646648660163404,1000
REE[272],3.386180405,4.4926,3.361522,0.04778546547809214,1000
REE[273],3.4078764140000004,4.4606639999999995,3.3820669999999997,0.04559745238329055,1000
TEE[273],6.737241694000001,7.190612,6.707236,0.031514374275246594,1000
TEE[274],6.755126149,6.835783999999999,6.723108,0.024234854178266495,1000
REE[274],3.4332002569999993,4.476152,3.409012,0.04552360544693092,1000
TEE[275],6.847308849999999,6.953355999999999,6.806152,0.02555798048833557,1000
REE[275],3.458320428,4.491129,3.43634,0.0348717979627086,1000
TEE[276],6.842610828,6.932684,6.811463000000001,0.016501830712235273,1000
REE[276],3.486919637,4.645854,3.465526,0.04891773651739435,1000
REE[277],3.5099802259999997,4.574555,3.4868379999999997,0.04632122716618274,1000
TEE[277],6.924548317,7.011375,6.896522,0.015537287929130474,1000
REE[278],3.535607718,4.614397,3.5133989999999997,0.0461705828333328,1000
TEE[278],6.959915929999999,7.04568,6.915050999999999,0.026910375639335637,1000
REE[279],3.559018905,4.676095,3.5390639999999998,0.038101201587330207,1000
TEE[279],7.051993536,7.159219,7.004846000000001,0.026307588173038327,1000
TEE[280],7.031642492,7.096241,7.012142,0.014909957150916928,1000
REE[280],3.5888024429999996,4.697728,3.569817,0.03759782100208542,1000
REE[281],3.6122871210000005,4.796579,3.589882,0.039934433420131886,1000
TEE[281],7.140581289,7.291032,7.101489,0.024911405834077523,1000
TEE[282],7.162564219,7.2397979999999995,7.121169999999999,0.02680238935240733,1000
REE[282],3.6384209060000003,4.826724,3.616603,0.051197707707197546,1000
TEE[283],7.260018834,7.336025,7.209300999999999,0.024947914859408112,1000
REE[283],3.665113449,4.811364,3.643164,0.049302332232938104,1000
TEE[284],7.246824506000001,7.34857,7.217589,0.019662685932701384,1000
REE[284],3.6953364979999996,4.821604,3.6749730000000005,0.0512449245302411,1000
REE[285],3.7144888869999995,4.8435239999999995,3.6893730000000002,0.038823613829511196,1000
TEE[285],7.330829207,7.403867999999999,7.306328999999999,0.015656412016914836,1000
TEE[286],7.352185487000001,7.427932000000001,7.318457,0.01925551116985065,1000
REE[286],3.743645157,4.862054,3.725631,0.04890224864403265,1000
REE[287],3.769307226,4.935624,3.752224,0.04008403525863556,1000
TEE[287],7.429881872,7.496478,7.407036,0.01656183467129457,1000
REE[288],3.7979794279999997,4.953064,3.7756800000000004,0.03978561055089798,1000
TEE[288],7.444375055,7.539776,7.41798,0.01839725246650411,1000
TEE[289],7.533641259,7.642627,7.513791,0.01564369432634423,1000
REE[289],3.8230429939999997,4.980841000000001,3.8054410000000005,0.04016642467104611,1000
TEE[290],7.558464969000001,7.640228,7.521311999999999,0.022881239471230105,1000
REE[290],3.849305889,5.042603,3.826178,0.041446482731729,1000
REE[291],3.873847472,5.057516000000001,3.8561949999999996,0.04075281625323319,1000
TEE[291],7.652298144,7.722758,7.616387,0.021814023559791347,1000
TEE[292],7.681199382000001,7.768712,7.634563000000001,0.026558602162744093,1000
REE[292],3.9066605049999996,5.157071,3.8850599999999997,0.04323276550850627,1000
REE[293],3.928506552,4.473848,3.913253,0.02113590980044126,1000
TEE[293],7.745701059999999,7.823914,7.72215,0.015245863714555587,1000
REE[294],3.9550030379999996,5.247795,3.936582,0.04422216763188592,1000
TEE[294],7.781470226000001,7.867819,7.7357830000000005,0.027952146178440485,1000
TEE[295],7.881135324000001,7.959791,7.830858,0.026619964669624126,1000
REE[295],3.985231363,5.274132,3.968295,0.05559736598352062,1000
TEE[296],7.8694062570000005,8.400414,7.8382830000000006,0.04016273141208686,1000
REE[296],4.015748181,5.221425,3.9938309999999997,0.052967726847748114,1000
TEE[297],7.975484847,8.076914,7.932461999999999,0.02810605291951017,1000
REE[297],4.035502575000001,4.59286,4.019465,0.022552782850474924,1000
TEE[298],7.990949431,8.089011,7.944142,0.027779332501618438,1000
REE[298],4.064933926,4.6304300000000005,4.0461529999999994,0.024572828441596712,1000
REE[299],4.092296999,4.670623,4.073482,0.023120871872815647,1000
TEE[299],8.069652902,8.155446000000001,8.04293,0.017154443405221254,1000
TEE[300],8.0869535,8.190678,8.05605,0.01569396907647563,1000
REE[300],4.123114893,4.714144999999999,4.107819999999999,0.025792102534044722,1000
TEE[301],8.181417678999999,8.281017,8.154293,0.019874981888168202,1000
REE[301],4.148231744,4.752097,4.1311480000000005,0.025909534954955224,1000
TEE[302],8.207868733,8.343067,8.156564999999999,0.029781253689141557,1000
REE[302],4.1749387769999995,4.786755,4.159789,0.024548624820381358,1000
TEE[303],8.311546117999999,8.403806,8.260697,0.029959329328272267,1000
REE[303],4.204247359999999,5.570973,4.1848790000000005,0.05879825067042643,1000
REE[304],4.234846995,4.943528,4.216558999999999,0.027097689117163943,1000
TEE[304],8.296068535,8.370557000000002,8.271385,0.018646267620651528,1000
TEE[305],8.393979863,8.456736,8.367901,0.013559042770678507,1000
REE[305],4.259995024,4.89479,4.2440169999999995,0.0277784980285138,1000
REE[306],4.287670737,4.968905,4.272465,0.028990876818277223,1000
TEE[306],8.406401334,8.486625,8.378172,0.01336026791824518,1000
REE[307],4.316336797,5.001514,4.300658,0.02945833945243836,1000
TEE[307],8.541402063,8.636485,8.483039999999999,0.03052954911908209,1000
TEE[308],8.517409915999998,8.59994,8.492577,0.017609935641797577,1000
REE[308],4.347803712000001,5.068364,4.332819000000001,0.030472385903629457,1000
REE[309],4.372259772,5.060876,4.356372,0.03009796693678402,1000
TEE[309],8.621575177,9.155415,8.590084,0.02876719817090772,1000
REE[310],4.4019684450000005,5.850727,4.380789,0.05068668264748425,1000
TEE[310],8.645095230999999,8.72788,8.601636,0.02971832787034039,1000
REE[311],4.430161878,5.125486,4.414326,0.030422231744917358,1000
TEE[311],8.727654060999999,8.824268,8.6922,0.018485075801810438,1000
TEE[312],8.745160678,8.871628999999999,8.708328,0.025970423736423047,1000
REE[312],4.463787173,5.906536,4.4448870000000005,0.050908576750365156,1000
REE[313],4.490120044,5.9907,4.4712559999999995,0.05251042244462883,1000
TEE[313],8.844212797,8.908014999999999,8.81502,0.015325385415705911,1000
TEE[314],8.851129019,8.930959,8.819596,0.015046651042948018,1000
REE[314],4.519600783,5.9404580000000005,4.494296,0.050583270116923366,1000
REE[315],4.543681432,5.303316000000001,4.525306,0.03338089362972321,1000
TEE[315],8.953012836,9.063732,8.930672,0.018360049447940893,1000
REE[316],4.580100688000001,5.305556,4.559675,0.03185858860622418,1000
TEE[316],8.967876390999999,9.06466,8.936592,0.02023304896605009,1000
TEE[317],9.074647716,9.195449,9.040084,0.025319700504646356,1000
REE[317],4.6045170209999995,5.36799,4.585628,0.030927847687207754,1000
REE[318],4.633628221,6.089967,4.613533,0.052574236258211976,1000
TEE[318],9.078993001999999,9.162583,9.045875,0.016505601641307672,1000
REE[319],4.663421491,6.1103510000000005,4.6410540000000005,0.05164350274498906,1000
TEE[319],9.176943397,9.260507,9.148823,0.015570381684377155,1000
REE[320],4.696731973,5.480569999999999,4.676895,0.035173135683246405,1000
TEE[320],9.187398779999999,9.282076,9.157655,0.016897076002522902,1000
REE[321],4.7218417530000005,6.253141,4.70432,0.05430279288311881,1000
TEE[321],9.336312565,9.420608,9.269467,0.03172277968445836,1000
TEE[322],9.30963942,9.386303,9.278042999999998,0.01565860958021454,1000
REE[322],4.751945255,5.542493,4.735297,0.034614645456975124,1000
REE[323],4.782577648,5.597982,4.762082,0.033244260595486796,1000
TEE[323],9.415256809,9.511778999999999,9.388159,0.016465428410741962,1000
REE[324],4.815534626,5.631679,4.796995,0.03635552957819533,1000
TEE[324],9.447568529,9.552132,9.389215,0.035320628988018715,1000
TEE[325],9.568859924,9.655688,9.503299,0.03310869588394199,1000
REE[325],4.841695084,6.418394,4.823012,0.0563307114109791,1000
REE[326],4.87217536,6.479164,4.852965,0.05696694981228428,1000
TEE[326],9.53505704,9.623623,9.501795,0.015051565951488027,1000
REE[327],4.901470215,6.445275,4.880646,0.05601505059710442,1000
TEE[327],9.683754082,9.831118,9.622535000000001,0.035400158622324866,1000
REE[328],4.936388021999999,5.776932,4.915687,0.038020156955836756,1000
TEE[328],9.656238121,9.797965,9.628615,0.019218691015016835,1000
REE[329],4.963068208000001,5.808517,4.938311,0.037986875247667036,1000
TEE[329],9.7612088,9.845007,9.729994999999999,0.015964325825824063,1000
REE[330],4.992284512,5.853607,4.967529,0.03821500563267474,1000
TEE[330],9.769525903000002,9.888592,9.733707,0.018477349980391918,1000
REE[331],5.02445731,5.909896,5.00497,0.0386786741803057,1000
TEE[331],9.899279738999999,10.049525,9.856143,0.025689426512115848,1000
TEE[332],9.899908339000001,9.993203999999999,9.870288,0.017312502232075363,1000
REE[332],5.059775252,5.943114,5.040043,0.03920809709774911,1000
TEE[333],9.99856956,10.089527,9.974675,0.014703880012766337,1000
REE[333],5.081555718,5.980363,5.059755,0.040307355784804814,1000
REE[334],5.116443574,5.997964,5.099501999999999,0.039715579709531976,1000
TEE[334],10.012491593,10.115096000000001,9.979507,0.015784637376844286,1000
TEE[335],10.131549963,10.226268,10.099287,0.021703402761988254,1000
REE[335],5.147253345999999,6.0633099999999995,5.120686,0.040713141049744855,1000
TEE[336],10.124621313,10.241244,10.094743,0.019279034535880337,1000
REE[336],5.181841246,6.137393,5.1600790000000005,0.04181182166524737,1000
TEE[337],10.248505188,10.362176,10.216956,0.024534902823961542,1000
REE[337],5.2109773100000005,6.152721,5.19096,0.041539767304832595,1000
TEE[338],10.256510610000001,10.353247999999999,10.209659,0.017354078695720997,1000
REE[338],5.241115161,6.158801,5.22133,0.0394125281180964,1000
REE[339],5.270119063,6.215058999999999,5.2517629999999995,0.04250356563549415,1000
TEE[339],10.374894679999999,10.518022,10.338783,0.024451362276912046,1000
REE[340],5.307648051,6.294422,5.283603,0.04369108808496816,1000
TEE[340],10.378446447999998,10.500708,10.344639,0.023698631706283113,1000
TEE[341],10.491933841999998,10.585799,10.459844,0.02089080793768698,1000
REE[341],5.334345073000001,6.308246,5.313365,0.04375457493928823,1000
TEE[342],10.517963309999999,10.643785000000001,10.479236,0.030153305926518176,1000
REE[342],5.364892936,6.356472,5.343317,0.044108238010424856,1000
REE[343],5.419417367,6.431963,5.384087,0.04450034223325915,1000
TEE[343],10.613995203999998,10.7083,10.584551,0.01853978478030643,1000
TEE[344],10.618605497,11.315137,10.583816,0.02967973630966763,1000
REE[344],5.4338850149999995,6.427002,5.41292,0.044500868147584076,1000
TEE[345],10.787186445,10.912627,10.711852,0.0346076216724119,1000
REE[345],5.457137447,6.548286,5.435256,0.047070804806358585,1000
REE[346],5.495514026,6.512733,5.473146,0.045464838707423294,1000
TEE[346],10.748758424,10.841744,10.713868,0.01667023001229697,1000
TEE[347],10.902053759,11.010486,10.826512,0.03991944603213369,1000
REE[347],5.523010493999999,6.557183,5.497595,0.034224380573936376,1000
REE[348],5.560163793,6.6688979999999995,5.535292,0.04842379150223166,1000
TEE[348],10.913551576000001,11.041335,10.83944,0.037004841319986,1000
REE[349],5.5899202070000005,6.6573139999999995,5.554141,0.04727087982552927,1000
TEE[349],10.987408818,11.071672,10.960116000000001,0.016751158979426726,1000
TEE[350],10.996707454,11.091545,10.963125,0.016611701194352575,1000
REE[350],5.6217005030000005,6.679299,5.600094,0.046959396877185935,1000
TEE[351],11.158989782,11.290911999999999,11.088441,0.038110716778195386,1000
REE[351],5.65189077,6.7161,5.623679,0.04740578728511132,1000
TEE[352],11.166763177,11.242526,11.092665,0.03667788028858998,1000
REE[352],5.690599794,6.793222999999999,5.665056,0.049191995559081006,1000
TEE[353],11.248479812,11.391747,11.214108999999999,0.027083899283024744,1000
REE[353],5.721082871,6.810727,5.700258,0.04854219498265497,1000
TEE[354],11.261859719,11.434853,11.208669,0.02774080787009143,1000
REE[354],5.751484595,6.860297,5.725635,0.049171548082054144,1000
TEE[355],11.413550209999999,11.520775,11.334753,0.03995365932343661,1000
REE[355],5.783730525000001,6.9224429999999995,5.762788,0.038891361135505995,1000
REE[356],5.820160008000001,6.986894,5.798406,0.038837514421527795,1000
TEE[356],11.429978125000002,11.562313,11.352737,0.03999787967627753,1000
REE[357],5.850612590999999,7.058128,5.827846,0.0534953603488992,1000
TEE[357],11.538492801,11.656812,11.467013,0.039741812348030925,1000
TEE[358],11.503362199,11.587753,11.467238,0.015816568011963787,1000
REE[358],5.883663507000001,7.027119,5.859303,0.05103801909007235,1000
REE[359],5.917247380000001,7.055408,5.894472,0.05041585738443219,1000
TEE[359],11.673230262,11.803377000000001,11.598379,0.040721864062344584,1000
TEE[360],11.639129444,12.371205,11.593194,0.04060316417420966,1000
REE[360],5.9536061920000005,7.113714,5.928649,0.051493734851747915,1000
TEE[361],11.806083358,11.931894,11.724399,0.03909698496136122,1000
REE[361],5.9840747069999995,7.190325,5.95857,0.04163691066189489,1000
TEE[362],11.798264721,11.950806,11.739375,0.042154167714769146,1000
REE[362],6.016952757,7.282487,5.991884,0.05541016285617378,1000
REE[363],6.046902086,7.281623,6.024301,0.0428552676855133,1000
TEE[363],11.876581035000001,11.957686,11.852819,0.01912476338348397,1000
REE[364],6.084301755,7.320089,6.06219,0.042785345947939465,1000
TEE[364],11.901370060000001,12.012408,11.859539,0.031102149741922498,1000
REE[365],6.117679154,7.434077,6.088911,0.056918893433217294,1000
TEE[365],12.052747716,12.177661,11.986775,0.042279373595773585,1000
REE[366],6.147352851,7.392987,6.124017,0.054994761822438204,1000
TEE[366],12.013481416000001,12.128892,11.967062,0.019783216770199966,1000
REE[367],6.182396999,6.766886,6.158737,0.026199530894198762,1000
TEE[367],12.157894747999999,12.274208999999999,12.119547,0.024344188178753844,1000
REE[368],6.224587987,7.5660490000000005,6.198258,0.05816256762817416,1000
TEE[368],12.203645185,12.358788,12.128124,0.04015767849852835,1000
TEE[369],12.288240641,12.393989,12.250528,0.02049206813356106,1000
REE[369],6.249233821,7.544065,6.222483,0.05760960060061449,1000
REE[370],6.285317387,7.548928999999999,6.2633160000000005,0.043003568545655485,1000
TEE[370],12.284013940000001,12.391492999999999,12.241728,0.02141804974654192,1000
TEE[371],12.471086005999998,13.213792999999999,12.389828999999999,0.04655217592572214,1000
REE[371],6.322435423,7.686597,6.2939739999999995,0.05977080369498485,1000
TEE[372],12.479691763,12.618412,12.386277,0.040644959653123446,1000
REE[372],6.36008969,7.673156,6.331511,0.05801656134175673,1000
TEE[373],12.55749653,12.683823,12.520553,0.028370857831041502,1000
REE[373],6.391363962,7.6880690000000005,6.361432,0.05838101144255393,1000
TEE[374],12.555827144,12.663086,12.516458,0.017712610221255243,1000
REE[374],6.424188978,7.749414999999999,6.384281,0.047122372776777985,1000
TEE[375],12.723203956,12.883382000000001,12.65163,0.04468057182006775,1000
REE[375],6.4583729739999995,7.797833,6.428443,0.06056191020589682,1000
REE[376],6.4999795680000005,7.809578,6.467004,0.059267806629062926,1000
TEE[376],12.740727638000001,12.917783,12.655342,0.04307115592160699,1000
TEE[377],12.876948582,13.015994000000001,12.789810000000001,0.04289579368223537,1000
REE[377],6.52824841,7.9107330000000005,6.501469,0.04990829102627201,1000
REE[378],6.55983416,7.951534,6.534462,0.060814716724364205,1000
TEE[378],12.826219815,12.948408,12.782898,0.01747349163277376,1000
TEE[379],12.962041766999999,13.086941,12.919575,0.021069043253178703,1000
REE[379],6.59832517,7.318136,6.565567,0.03189152866209935,1000
TEE[380],12.959919120999999,13.075612,12.918231,0.023897784307068015,1000
REE[380],6.641230732,8.106227,6.6096,0.06400180054799678,1000
REE[381],6.664359333999999,8.065617999999999,6.637122,0.062399455127722714,1000
TEE[381],13.093018971,13.217601,13.060476,0.02152351420465242,1000
TEE[382],13.132749845000001,13.288644,13.053308,0.047060238475387414,1000
REE[382],6.704357991,8.127124,6.6696979999999995,0.06253114587867249,1000
TEE[383],13.23021563,13.329669,13.199681,0.01835032323922617,1000
REE[383],6.7368608210000005,8.169749000000001,6.710083999999999,0.05004991502667251,1000
REE[384],6.777061263,8.295514,6.7484850000000005,0.052401174008616595,1000
TEE[384],13.235217240000003,13.351653,13.200417000000002,0.019745832807852748,1000
TEE[385],13.379507661,13.507563000000001,13.331813,0.02554079336202461,1000
REE[385],6.808285973,7.603874,6.775238000000001,0.035457395554492996,1000
REE[386],6.844236058000001,8.352475,6.807335000000001,0.05469271876153319,1000
TEE[386],13.375118109999999,13.495529999999999,13.322949,0.021494575166666915,1000
REE[387],6.884114208,8.412061999999999,6.849545,0.06869431854636364,1000
TEE[387],13.509263504,13.60555,13.473578,0.019116707737073635,1000
REE[388],6.921081043,7.722247,6.891211,0.03653079147885004,1000
TEE[388],13.514548966,13.647023999999998,13.474122,0.021814358717530496,1000
REE[389],6.9541812169999995,8.481664,6.916491000000001,0.056286808663873235,1000
TEE[389],13.708376767,13.871991,13.608077999999999,0.04968898085558988,1000
REE[390],6.984590367,7.805257000000001,6.955596000000001,0.03713347255040882,1000
TEE[390],13.653726385,13.753523999999999,13.606701999999999,0.018453219470206044,1000
REE[391],7.025615453,8.57802,6.996364999999999,0.05704105907951485,1000
TEE[391],13.792331605,13.884216,13.753075,0.020983969496041147,1000
REE[392],7.067409419,8.590148,7.0347990000000005,0.0559402886040691,1000
TEE[392],13.790061791,13.978779000000001,13.742354999999998,0.026786395160360875,1000
TEE[393],13.983022134999999,14.099519,13.904921,0.046917742396969726,1000
REE[393],7.089984624,7.9602710000000005,7.054352000000001,0.036531187229256655,1000
TEE[394],13.938694227,14.084638,13.884376000000001,0.025558998995013432,1000
REE[394],7.131047541999999,7.984975,7.097361,0.03899833873297898,1000
REE[395],7.1698459969999995,8.813899000000001,7.139346000000001,0.059343396568053215,1000
TEE[395],14.071784273999999,14.202754999999998,14.034908999999999,0.023127368880403447,1000
TEE[396],14.093284316000002,14.222531,14.031932999999999,0.03402717097257043,1000
REE[396],7.221422606999999,8.095955,7.178516,0.04241994942476653,1000
REE[397],7.244236525,8.887534,7.214517,0.06035628642164784,1000
TEE[397],14.214940480000001,14.302918,14.177825,0.019650521328047878,1000
REE[398],7.278743309,8.189815,7.245719,0.04057134029058558,1000
TEE[398],14.273690979,14.452331,14.19261,0.05074019159504288,1000
REE[399],7.311904270000001,8.994354,7.275511,0.059656673188428884,1000
TEE[399],14.376291994999999,14.523438,14.327399,0.03256043899772701,1000
REE[400],7.35903867,8.330267,7.313144,0.044262438670707886,1000
TEE[400],14.432702168,14.587055,14.337543,0.05030932625476101,1000
REE[401],7.391715776999999,8.363068,7.358522,0.04501680615914503,1000
TEE[401],14.519972160000002,14.66037,14.474732000000001,0.023425806156298492,1000
TEE[402],14.519980058000002,14.609967999999999,14.491883999999999,0.016455184410106304,1000
REE[402],7.421830534999999,8.417982,7.379163,0.045372389235191095,1000
REE[403],7.464075508,8.47408,7.437373,0.0452736751816814,1000
TEE[403],14.725031984000001,14.833464000000001,14.618065,0.050076929893747804,1000
REE[404],7.509800007,9.250746000000001,7.477886,0.06387542606158887,1000
TEE[404],14.717343636999997,14.831288,14.619985,0.04820487077553174,1000
REE[405],7.532284238,8.534882000000001,7.497087,0.045748085307416426,1000
TEE[405],14.870138724,15.042847,14.780406,0.04977746649793237,1000
TEE[406],14.844719400999999,15.027551,14.773589999999999,0.05212242086379822,1000
REE[406],7.575692639000001,8.613476,7.524927000000001,0.047006523451449525,1000
REE[407],7.611607589,8.635717,7.573602,0.04637517199821413,1000
TEE[407],14.955119861,15.098081,14.916954999999998,0.024394117622908117,1000
REE[408],7.651955564,8.687750999999999,7.609922,0.04688901804338599,1000
TEE[408],14.994584389,15.143329999999999,14.907035,0.05169004659071442,1000
REE[409],7.687521375999999,8.77473,7.642467999999999,0.04852217520911078,1000
TEE[409],15.12050303,15.299655,15.056032,0.044090168776404426,1000
REE[410],7.725093291,8.811786999999999,7.687077,0.04921372542021235,1000
TEE[410],15.131136952999999,15.24951,15.067039999999999,0.04994631628281521,1000
REE[411],7.761190588000001,8.829836,7.727879,0.048590659821370286,1000
TEE[411],15.309974447999998,15.478222,15.213477,0.050628074563064875,1000
TEE[412],15.254049488,15.381579,15.203588,0.027848925114623328,1000
REE[412],7.812148141,8.912527,7.770312,0.05005135201632203,1000
REE[413],7.839055495,8.939568,7.8064729999999996,0.04995388691042401,1000
TEE[413],15.395203010000001,15.553296,15.347178,0.03313865647546529,1000
TEE[414],15.429450123999999,15.616273999999999,15.351401999999998,0.05429598761453425,1000
REE[414],7.8777429859999994,9.004274,7.837066,0.051086279011619724,1000
REE[415],7.917525283000001,9.065332000000001,7.883436,0.05221236400623932,1000
TEE[415],15.602377658000002,15.779513,15.509454999999999,0.054025127990532607,1000
REE[416],7.961387362,9.115766,7.9194059999999995,0.05282867606474451,1000
TEE[416],15.599179291999999,15.705782000000001,15.500495,0.051582546133302966,1000
REE[417],7.986874732,9.184761,7.953614999999999,0.054200700745391385,1000
TEE[417],15.697600513,15.813625,15.656467999999998,0.02294118792096558,1000
REE[418],8.034784707,9.203672000000001,7.992303,0.05370992652495878,1000
TEE[418],15.734278365,15.899451999999998,15.658323999999999,0.05440906669144405,1000
REE[419],8.071700058000001,9.260763,8.016848,0.05366266649694368,1000
TEE[419],15.855879126,16.000447,15.808057000000002,0.0288356638615181,1000
REE[420],8.110557295000001,9.284188,8.079443,0.040219886184581326,1000
TEE[420],15.905288381999998,16.067458,15.800632,0.05189156980964614,1000
REE[421],8.149000268,9.384319,8.106835,0.05631663727466424,1000
TEE[421],16.056589634,16.238152,15.962238000000001,0.05545957445513615,1000
TEE[422],15.982299917,16.101091,15.910077,0.02748053759019936,1000
REE[422],8.186625652,9.388287,8.148437,0.054695016119251504,1000
REE[423],8.222699825,9.457025999999999,8.18543,0.056159739360429756,1000
TEE[423],16.214813096999997,16.60738,16.117763,0.05782571441046517,1000
REE[424],8.273710455,9.527908,8.229975,0.057445555110381824,1000
TEE[424],16.211769531999998,16.406093,16.095107000000002,0.05065842770555133,1000
REE[425],8.304275899,9.579044999999999,8.250649000000001,0.05759643514117665,1000
TEE[425],16.31791865,16.472656,16.268137,0.030622857904116556,1000
TEE[426],16.293246725,16.442126000000002,16.244552,0.02381739440983933,1000
REE[426],8.341230125,9.630311,8.303899000000001,0.058616250989938716,1000
REE[427],8.384439996,9.680649,8.339771,0.058960823098379696,1000
TEE[427],16.520967793,16.675638,16.405070000000002,0.05605555873750195,1000
REE[428],8.428445598999998,9.737675,8.384091999999999,0.059336581811115695,1000
TEE[428],16.447161911,16.610357,16.404013,0.028082279796762616,1000
TEE[429],16.622141499999998,16.929311,16.570003,0.03691568622183837,1000
REE[429],8.460619093000002,9.815726,8.420158,0.06166243725210851,1000
TEE[430],16.620773461000002,16.78537,16.551185999999998,0.04661168876036975,1000
REE[430],8.503100612,9.870704,8.464032000000001,0.06152341895298993,1000
REE[431],8.539072358000002,9.907281,8.490401,0.04851067331764801,1000
TEE[431],16.765577918,16.890558,16.725465,0.023696701249739313,1000
TEE[432],16.812226509,17.013826,16.710104,0.06168667308990506,1000
REE[432],8.590092967,9.940914,8.54717,0.048902511507382104,1000
TEE[433],16.934553123999997,17.099460999999998,16.885437,0.03064579716278183,1000
REE[433],8.621304329,9.982003,8.579587,0.04913445274983521,1000
TEE[434],16.913583519,17.056292000000003,16.85238,0.03064551699964962,1000
REE[434],8.660761779,10.104695,8.621445,0.06530628538860113,1000
TEE[435],17.07691470493992,17.226793,17.032771,0.02931435214956861,749
REE[435],8.69940509612817,10.137303999999999,8.66087,0.07355675048120586,749
