Layer[4],Layer[5],Layer[6],Layer[7],Layer[8],Layer[9],Layer[10],classifier
9.197323,0.001440,0.016320,0.000672,0.001568,0.002560,0.000640,9.227787
1.736482,0.001472,0.015873,0.000512,0.001632,0.001600,0.000576,1.764547
1.737122,0.001056,0.015329,0.000320,0.001632,0.001504,0.000384,1.763267
1.754083,0.000800,0.014880,0.000544,0.001600,0.001472,0.000416,1.779587
1.796803,0.001088,0.014688,0.000352,0.001792,0.001632,0.000576,1.825699
1.730914,0.000832,0.015872,0.000640,0.001568,0.001536,0.000640,1.758850
1.779202,0.000896,0.015264,0.000352,0.001664,0.001472,0.000384,1.805250
1.721282,0.000896,0.014944,0.000384,0.001632,0.001440,0.000576,1.746786
1.751746,0.001056,0.014624,0.000384,0.001600,0.001216,0.000384,1.777186
1.773602,0.000992,0.015136,0.000544,0.001568,0.001152,0.000416,1.800002
1.791714,0.000928,0.014976,0.000384,0.001600,0.001248,0.000384,1.820450
1.763074,0.000896,0.014912,0.000384,0.001600,0.001344,0.000416,1.788898
1.758371,0.001056,0.016640,0.000608,0.001632,0.001280,0.000416,1.787587
1.764770,0.000992,0.014720,0.000352,0.001632,0.001280,0.000416,1.790498
1.786594,0.001056,0.015872,0.000352,0.001536,0.001248,0.000384,1.813314
1.756610,0.001120,0.014528,0.000352,0.001664,0.001152,0.000416,1.781314
1.788931,0.000960,0.014528,0.000384,0.001600,0.001152,0.000448,1.813827
1.733890,0.000928,0.014624,0.000544,0.001536,0.001280,0.000352,1.758914
1.783010,0.001120,0.016480,0.000384,0.001568,0.001216,0.000416,1.811138
1.746978,0.000960,0.014272,0.000352,0.001568,0.001216,0.000384,1.771682
1.739010,0.000960,0.014528,0.000352,0.001504,0.001312,0.000352,1.764706
1.740290,0.000864,0.014496,0.000352,0.001536,0.001184,0.000352,1.765250
1.807490,0.000896,0.014368,0.000416,0.001600,0.001248,0.000384,1.832098
1.755810,0.000928,0.014529,0.000384,0.001568,0.001216,0.000352,1.780547
1.781986,0.001056,0.014528,0.000416,0.001536,0.001216,0.000384,1.806722
1.771874,0.000864,0.014656,0.000384,0.001504,0.001216,0.000416,1.796578
1.746754,0.000832,0.014240,0.000384,0.001600,0.001088,0.000384,1.771042
1.743298,0.000832,0.014048,0.000384,0.001536,0.001088,0.000352,1.767042
1.761474,0.000992,0.016096,0.000832,0.001472,0.001184,0.000384,1.788162
1.699266,0.000736,0.014176,0.000416,0.001504,0.001088,0.000384,1.722722
1.772546,0.000960,0.014528,0.000352,0.001536,0.001184,0.000384,1.797346
1.749250,0.000928,0.014816,0.000416,0.001568,0.001184,0.000384,1.774498
1.728322,0.000864,0.014368,0.000576,0.001440,0.001248,0.000352,1.752386
1.705058,0.000896,0.014432,0.000832,0.001472,0.001184,0.000352,1.729794
1.767330,0.001024,0.015520,0.000352,0.001440,0.001280,0.000384,1.793250
1.731810,0.000864,0.014208,0.000384,0.001536,0.001088,0.000416,1.755842
1.772802,0.000896,0.014273,0.000352,0.001536,0.001216,0.000384,1.797411
1.754114,0.000832,0.014176,0.000384,0.001568,0.001184,0.000384,1.778242
1.732514,0.000768,0.014272,0.000416,0.001472,0.001184,0.000384,1.756482
1.722498,0.000768,0.014208,0.000352,0.001504,0.001120,0.000416,1.746338
1.757795,0.000704,0.014304,0.000352,0.001632,0.001280,0.000384,1.782787
1.722210,0.000768,0.014560,0.000384,0.001472,0.001184,0.000352,1.746274
1.753314,0.000704,0.014208,0.000384,0.001536,0.000864,0.000352,1.776386
1.758370,0.001056,0.014464,0.000384,0.001472,0.000896,0.000384,1.782402
1.699650,0.000896,0.019040,0.000384,0.001472,0.001056,0.000416,1.727618
1.712130,0.000704,0.014240,0.000384,0.001408,0.000896,0.000352,1.734882
1.731842,0.000704,0.014336,0.000384,0.001536,0.000960,0.000352,1.754594
1.728098,0.000864,0.014272,0.000352,0.001472,0.000992,0.000352,1.750690
1.741762,0.000896,0.016832,0.000352,0.001504,0.000864,0.000352,1.767394
1.751522,0.000960,0.014368,0.000320,0.001376,0.000928,0.000352,1.775682
1.744578,0.000864,0.016768,0.000352,0.001568,0.000928,0.000384,1.770562
1.726179,0.000992,0.015360,0.000352,0.001408,0.000896,0.000320,1.750659
1.756994,0.000960,0.016128,0.000416,0.001376,0.000992,0.000384,1.782786
1.688290,0.000800,0.014368,0.000352,0.001376,0.000832,0.000352,1.711234
1.759490,0.000800,0.016704,0.000448,0.001440,0.000896,0.000384,1.785090
1.735586,0.000672,0.014336,0.000384,0.001408,0.000832,0.000352,1.759202
1.766178,0.000768,0.014496,0.000352,0.001536,0.001056,0.000352,1.789378
1.742562,0.000736,0.014624,0.000352,0.001408,0.000864,0.000352,1.766114
1.770882,0.000960,0.014240,0.000544,0.001504,0.001120,0.000352,1.794658
1.725794,0.000960,0.014400,0.000384,0.001536,0.001120,0.000416,1.751266
1.732386,0.000928,0.014560,0.000384,0.001440,0.001184,0.000416,1.756866
1.730275,0.000928,0.014240,0.000352,0.001440,0.001120,0.000352,1.754051
1.774595,0.000768,0.014400,0.000352,0.001408,0.001152,0.000384,1.798659
1.738051,0.000896,0.014272,0.000384,0.001504,0.001184,0.000384,1.762819
1.766851,0.000928,0.014272,0.000384,0.001504,0.001120,0.000384,1.790499
1.717890,0.000832,0.014848,0.000352,0.001536,0.001216,0.000352,1.743298
1.726274,0.000864,0.014624,0.000384,0.001536,0.001120,0.000384,1.750466
1.730338,0.000896,0.014400,0.000384,0.001568,0.001248,0.000416,1.756066
1.748994,0.000928,0.014304,0.000384,0.001536,0.001120,0.000384,1.773538
1.727235,0.000736,0.014208,0.000384,0.001536,0.001216,0.000384,1.751971
1.736514,0.000960,0.014432,0.000384,0.001472,0.001248,0.000384,1.760802
1.738434,0.000736,0.014112,0.000352,0.001536,0.001152,0.000352,1.762562
1.723138,0.000800,0.014240,0.000352,0.001664,0.001088,0.000288,1.747330
1.713826,0.000768,0.014272,0.000384,0.001536,0.001184,0.000416,1.738050
1.716546,0.000960,0.014464,0.000320,0.001472,0.001152,0.000384,1.740962
1.700290,0.000768,0.014144,0.000416,0.001504,0.001248,0.000384,1.724514
1.733122,0.000768,0.014400,0.000384,0.001504,0.001152,0.000384,1.757314
1.729474,0.000832,0.014176,0.000768,0.001536,0.001280,0.000352,1.754018
1.788898,0.000896,0.015616,0.000800,0.001536,0.001248,0.000384,1.815522
1.744483,0.000832,0.014400,0.000384,0.001536,0.001184,0.000352,1.769731
1.718018,0.000896,0.014432,0.000384,0.001536,0.001152,0.000352,1.742530
1.727203,0.000864,0.014304,0.000352,0.001504,0.001312,0.000384,1.751491
1.757890,0.000928,0.016256,0.000384,0.001536,0.001120,0.000384,1.784642
1.727523,0.000768,0.014272,0.000544,0.001536,0.001184,0.000384,1.752227
1.729026,0.000864,0.014208,0.000416,0.001536,0.001152,0.000352,1.753443
1.760866,0.000800,0.014208,0.000352,0.001536,0.001120,0.000384,1.785314
1.739554,0.000832,0.014272,0.000544,0.001440,0.001216,0.000352,1.763970
1.730914,0.000736,0.014304,0.000352,0.001504,0.001184,0.000416,1.755042
1.754946,0.000896,0.014208,0.000416,0.001568,0.001088,0.000384,1.779330
1.716067,0.000800,0.014304,0.000416,0.001536,0.001216,0.000384,1.740707
1.730146,0.000832,0.014401,0.000352,0.001504,0.001312,0.000352,1.754723
1.727970,0.000896,0.014240,0.000416,0.001504,0.001088,0.000352,1.752066
1.718178,0.000800,0.014336,0.000384,0.001504,0.001152,0.000352,1.742210
1.744450,0.000896,0.014368,0.000352,0.001504,0.001120,0.000352,1.768418
1.735074,0.000928,0.014240,0.000352,0.001440,0.000992,0.000384,1.758370
1.701858,0.000768,0.014336,0.000352,0.001472,0.001248,0.000384,1.726178
1.757282,0.000960,0.015392,0.000352,0.001504,0.001152,0.000352,1.783618
1.708578,0.000928,0.016673,0.000416,0.001504,0.001248,0.000576,1.735171
1.741763,0.000864,0.014304,0.000384,0.001504,0.001056,0.000416,1.765155
1.708578,0.000832,0.014592,0.000544,0.001568,0.001248,0.000416,1.733922
1.761122,0.000960,0.016096,0.000384,0.001536,0.001088,0.000416,1.787618
1.716642,0.000800,0.014336,0.000352,0.001600,0.001152,0.000416,1.740706
1.740866,0.000864,0.014304,0.000384,0.001536,0.001088,0.000384,1.765538
1.728738,0.000832,0.014304,0.000384,0.001536,0.001120,0.000384,1.752546
1.701954,0.000768,0.014176,0.000352,0.001568,0.001184,0.000384,1.726338
1.721186,0.000960,0.015840,0.000832,0.001536,0.001248,0.000384,1.748002
1.706915,0.000768,0.014208,0.000352,0.001504,0.001088,0.000384,1.731011
1.751714,0.000896,0.014112,0.000352,0.001504,0.001152,0.000320,1.775618
1.730883,0.000832,0.014304,0.000384,0.001824,0.001216,0.000416,1.755939
1.707010,0.000864,0.014496,0.000352,0.001472,0.001024,0.000352,1.731266
1.753955,0.000768,0.014080,0.000416,0.001536,0.001152,0.000384,1.777955
1.738914,0.000960,0.015872,0.000384,0.001504,0.001120,0.000384,1.765410
1.744386,0.000832,0.014240,0.000384,0.001568,0.001184,0.000416,1.768546
1.722434,0.000704,0.014240,0.000832,0.001536,0.001280,0.000384,1.747010
1.741378,0.000768,0.014240,0.000448,0.001536,0.001024,0.000352,1.765154
1.737763,0.000704,0.014208,0.000320,0.001504,0.001120,0.000352,1.761571
1.744482,0.000736,0.014368,0.000384,0.001632,0.001184,0.000384,1.769026
1.740258,0.000864,0.016224,0.000416,0.001600,0.001088,0.000384,1.766754
1.716962,0.000704,0.014208,0.000416,0.001472,0.001216,0.000416,1.741730
1.752579,0.000864,0.014368,0.000416,0.001504,0.001184,0.000416,1.777411
1.737634,0.000832,0.014272,0.000352,0.001536,0.001088,0.000352,1.761795
1.746722,0.000768,0.014368,0.000416,0.001568,0.000992,0.000320,1.770626
1.723138,0.000896,0.014144,0.000384,0.001632,0.001152,0.000416,1.747874
1.748674,0.000768,0.014528,0.017824,0.002848,0.001184,0.000384,1.791970
1.739426,0.000800,0.014336,0.000384,0.001568,0.001216,0.000384,1.763810
1.765154,0.000800,0.015424,0.000384,0.001504,0.001088,0.000352,1.790082
1.723778,0.000832,0.014176,0.000384,0.001568,0.001056,0.000384,1.748162
1.735682,0.000832,0.015104,0.000384,0.001568,0.001024,0.000384,1.760930
1.704098,0.000768,0.014368,0.000576,0.001504,0.001184,0.000384,1.728706
1.712674,0.000736,0.014304,0.000384,0.001472,0.001024,0.000320,1.736386
1.747970,0.000768,0.014240,0.000384,0.001472,0.001152,0.000384,1.771970
1.732994,0.000768,0.014272,0.000800,0.001472,0.001088,0.000384,1.757186
1.748163,0.000832,0.014240,0.000352,0.001536,0.001152,0.000384,1.772323
1.758370,0.000832,0.014208,0.000384,0.001568,0.001216,0.000384,1.782754
1.717570,0.000768,0.014272,0.000352,0.001536,0.001088,0.000352,1.741666
1.734947,0.000832,0.014400,0.000384,0.001472,0.001216,0.000416,1.759843
1.720834,0.000896,0.014208,0.000384,0.001504,0.001088,0.000384,1.745474
1.720290,0.000768,0.033600,0.000640,0.001536,0.001088,0.000352,1.764930
1.723363,0.000768,0.014240,0.000352,0.001568,0.001248,0.000352,1.748099
1.726722,0.000960,0.014400,0.000416,0.001504,0.001184,0.000384,1.750914
1.710914,0.000864,0.014400,0.000320,0.001632,0.001280,0.000416,1.736066
1.753634,0.000800,0.047136,0.001152,0.001856,0.001312,0.000480,1.815074
1.703042,0.000864,0.014272,0.000352,0.001600,0.001248,0.000448,1.727362
1.720834,0.000928,0.014208,0.000352,0.001632,0.018240,0.000416,1.762626
1.744835,0.000736,0.014240,0.000320,0.001568,0.001248,0.000352,1.768931
1.750626,0.000960,0.015008,0.000384,0.001536,0.001184,0.000384,1.803234
1.713378,0.000768,0.014240,0.000352,0.001600,0.001280,0.000384,1.737634
1.732355,0.000992,0.014784,0.000416,0.001568,0.001248,0.000384,1.757955
1.735362,0.000832,0.014624,0.000416,0.001472,0.000960,0.000352,1.759586
1.739298,0.000800,0.032384,0.000480,0.001504,0.001088,0.000384,1.781186
1.725891,0.001152,0.014656,0.000384,0.001536,0.000992,0.000384,1.750115
1.715842,0.000736,0.014432,0.000832,0.001504,0.001024,0.000384,1.739938
1.715842,0.000864,0.014688,0.000384,0.001504,0.001024,0.000352,1.739906
1.722530,0.000768,0.014368,0.000384,0.001568,0.001120,0.000384,1.747010
1.718338,0.000800,0.014464,0.000416,0.001568,0.000992,0.000384,1.742114
1.745186,0.000832,0.014240,0.000352,0.001568,0.001120,0.000384,1.769538
1.746242,0.000800,0.014176,0.000800,0.001536,0.001120,0.000352,1.770402
1.729506,0.000768,0.014176,0.000416,0.001536,0.001152,0.000384,1.753442
1.704450,0.000800,0.014880,0.000416,0.001568,0.001152,0.000384,1.729762
1.836738,0.001216,0.017376,0.000640,0.001760,0.002112,0.000800,1.870370
1.790178,0.001600,0.016288,0.000384,0.001536,0.001568,0.000576,1.819138
1.737506,0.001024,0.015744,0.000416,0.001600,0.001184,0.000640,1.764002
1.751106,0.001056,0.014464,0.000384,0.001536,0.001120,0.000384,1.775650
1.772707,0.000992,0.014272,0.000416,0.001440,0.001344,0.000384,1.798211
1.738402,0.000864,0.014208,0.000352,0.001504,0.001152,0.000352,1.762690
1.763650,0.001088,0.014688,0.000320,0.001472,0.001120,0.000352,1.789346
1.722563,0.000832,0.014144,0.000352,0.001504,0.001184,0.000384,1.746723
1.787074,0.000960,0.014976,0.000832,0.001568,0.001088,0.000384,1.813666
1.722306,0.000800,0.014368,0.000384,0.001504,0.001216,0.000384,1.746530
1.787234,0.000864,0.014593,0.000384,0.001600,0.001088,0.000448,1.812515
1.719810,0.000768,0.014208,0.000448,0.001536,0.001248,0.000384,1.743778
1.763554,0.000832,0.014976,0.000416,0.001504,0.001088,0.000384,1.789410
1.759171,0.001120,0.014848,0.000384,0.001568,0.001216,0.000384,1.784675
1.774562,0.000864,0.014112,0.000352,0.001536,0.001088,0.000352,1.798594
1.742434,0.000896,0.014304,0.000416,0.001504,0.001152,0.000416,1.766850
1.766051,0.000960,0.014176,0.000384,0.001536,0.001024,0.000352,1.789923
1.712226,0.000896,0.014144,0.000416,0.001472,0.001056,0.000416,1.736162
1.773987,0.000960,0.014528,0.000800,0.001440,0.001024,0.000384,1.798787
1.715842,0.000704,0.014176,0.000352,0.001504,0.001152,0.000448,1.739458
1.761858,0.000800,0.014176,0.000352,0.001504,0.001056,0.000384,1.785634
1.743682,0.000800,0.014176,0.000576,0.001504,0.001152,0.000352,1.767426
1.734434,0.000800,0.014208,0.000416,0.001536,0.001120,0.000384,1.758402
1.700290,0.000832,0.014240,0.000384,0.001472,0.001088,0.000384,1.724130
1.780835,0.000896,0.014944,0.000736,0.001472,0.001184,0.000352,1.806403
1.743235,0.000800,0.014304,0.000384,0.001504,0.001184,0.000352,1.766723
1.743459,0.000864,0.014272,0.000352,0.001472,0.001184,0.000416,1.767203
1.739203,0.000864,0.014272,0.000576,0.001408,0.001216,0.000384,1.763171
1.769538,0.000960,0.014720,0.000768,0.001536,0.001152,0.000384,1.795362
1.719138,0.000800,0.014688,0.000608,0.001472,0.001280,0.000384,1.744130
1.741570,0.000928,0.014528,0.000736,0.001440,0.001248,0.000352,1.766178
1.730242,0.000832,0.014400,0.000640,0.001568,0.001184,0.000352,1.754562
1.754882,0.000992,0.015296,0.000416,0.001472,0.001120,0.000320,1.780258
1.738466,0.000736,0.014400,0.000608,0.001568,0.001376,0.000416,1.763170
1.754723,0.000864,0.014464,0.000384,0.001536,0.001120,0.000352,1.779235
1.743683,0.000896,0.014304,0.000416,0.001536,0.001248,0.000384,1.768131
1.779554,0.000864,0.015040,0.000352,0.001440,0.001088,0.000384,1.804994
1.721410,0.000896,0.014176,0.000800,0.001504,0.001216,0.000352,1.746210
1.781378,0.000832,0.014400,0.000416,0.001536,0.001120,0.000416,1.805954
1.733667,0.000960,0.014432,0.000352,0.001472,0.001216,0.000416,1.757923
1.780098,0.000896,0.014432,0.000544,0.001536,0.001152,0.000352,1.804514
1.743490,0.000864,0.014208,0.000384,0.001504,0.001152,0.000352,1.767554
1.777890,0.000768,0.014368,0.000352,0.001504,0.001184,0.000384,1.801730
1.738850,0.000704,0.014240,0.000352,0.001504,0.001120,0.000416,1.762562
1.717154,0.000736,0.014208,0.000352,0.001504,0.001088,0.000384,1.740770
1.722466,0.000832,0.014144,0.000384,0.001536,0.001120,0.000416,1.746370
1.758114,0.000832,0.014944,0.000352,0.001504,0.001024,0.000384,1.782178
1.741986,0.000864,0.014272,0.000384,0.001536,0.001152,0.000384,1.766242
1.775106,0.001152,0.014816,0.000384,0.001472,0.001024,0.000384,1.799970
1.734786,0.000736,0.014112,0.000320,0.001472,0.001120,0.000352,1.758722
1.758882,0.000896,0.015040,0.000384,0.001472,0.001120,0.000352,1.784130
1.739394,0.000800,0.014528,0.000384,0.001472,0.001120,0.000352,1.763586
1.759011,0.000864,0.014176,0.000384,0.001472,0.001088,0.000352,1.782467
1.763234,0.000928,0.014657,0.000352,0.001440,0.001184,0.000352,1.787779
1.732418,0.001248,0.015104,0.000352,0.001504,0.001088,0.000384,1.758210
1.749666,0.000800,0.014176,0.000352,0.001472,0.001120,0.000384,1.773602
1.769026,0.000832,0.014304,0.000320,0.001504,0.001184,0.000416,1.792450
1.743747,0.000800,0.014336,0.000352,0.001472,0.001184,0.000384,1.768131
1.736931,0.001248,0.014976,0.000384,0.001504,0.001088,0.000384,1.762435
1.738466,0.000832,0.014592,0.000576,0.001536,0.001088,0.000352,1.762562
1.737794,0.000768,0.014496,0.000384,0.001504,0.001120,0.000352,1.761474
1.739234,0.000832,0.014240,0.000384,0.001472,0.001120,0.000384,1.763330
1.762882,0.000864,0.014848,0.000416,0.001472,0.001056,0.000352,1.787874
1.734210,0.000832,0.014336,0.000384,0.001536,0.001184,0.000384,1.758178
1.759746,0.001184,0.014592,0.000384,0.001504,0.001056,0.000384,1.785026
1.756898,0.001376,0.014816,0.000864,0.001472,0.001472,0.000352,1.783458
1.775426,0.000864,0.014848,0.000384,0.001504,0.001088,0.000384,1.800387
1.702563,0.000704,0.014304,0.000352,0.001472,0.001120,0.000352,1.726723
1.774435,0.000832,0.015296,0.000416,0.001536,0.001248,0.000416,1.800003
1.711011,0.000768,0.014240,0.000384,0.001536,0.001248,0.000384,1.735011
1.748290,0.000672,0.014336,0.000608,0.001536,0.001088,0.000416,1.772130
1.720354,0.000832,0.014624,0.000448,0.001440,0.001152,0.000416,1.744706
1.775618,0.000864,0.014464,0.000352,0.001376,0.001024,0.000320,1.799138
1.742531,0.000736,0.014304,0.000768,0.001472,0.001056,0.000352,1.766627
1.775938,0.000896,0.014144,0.000352,0.001472,0.001120,0.000384,1.799298
1.739619,0.000736,0.014240,0.000384,0.001472,0.001152,0.000384,1.763395
1.763234,0.000896,0.014720,0.000384,0.001440,0.001184,0.000384,1.788482
1.721538,0.000768,0.014400,0.000384,0.001376,0.001152,0.000416,1.746082
1.773410,0.000864,0.014752,0.000384,0.001504,0.001120,0.000384,1.798626
1.747650,0.000800,0.014240,0.000416,0.001504,0.001280,0.000352,1.771810
1.732867,0.000736,0.014464,0.000384,0.001472,0.001120,0.000384,1.756291
1.732034,0.000704,0.014272,0.000384,0.001472,0.001088,0.000384,1.755650
1.791138,0.001120,0.014944,0.000384,0.001504,0.001120,0.000384,1.816290
1.729155,0.000800,0.014368,0.000384,0.001472,0.001184,0.000320,1.753507
1.751042,0.001152,0.015008,0.000384,0.001440,0.001056,0.000352,1.776450
1.747298,0.000736,0.014112,0.000576,0.001408,0.001056,0.000416,1.770786
1.738243,0.000960,0.014176,0.000800,0.001536,0.001184,0.000352,1.761827
1.738594,0.000896,0.014144,0.000608,0.001504,0.001152,0.000384,1.762850
1.788066,0.000864,0.014432,0.000384,0.001536,0.001056,0.000352,1.812162
1.717282,0.000768,0.014272,0.000384,0.001536,0.001344,0.000384,1.741474
1.735395,0.000928,0.014144,0.000352,0.001536,0.001088,0.000352,1.759107
1.714818,0.000768,0.014176,0.000384,0.001472,0.001120,0.000384,1.738498
1.787554,0.000960,0.014784,0.000416,0.001504,0.001088,0.000352,1.812482
1.750914,0.000960,0.014688,0.000576,0.001504,0.001088,0.000416,1.775298
1.735426,0.000896,0.014080,0.000416,0.001440,0.001088,0.000416,1.758658
1.751554,0.000800,0.014464,0.000352,0.001504,0.001056,0.000384,1.775106
1.798754,0.000864,0.014624,0.000352,0.001536,0.001281,0.000384,1.823363
1.729890,0.000864,0.014624,0.000384,0.001536,0.001152,0.000352,1.754626
1.767843,0.000832,0.014304,0.000640,0.001440,0.001184,0.000416,1.792227
1.745987,0.000768,0.014624,0.000832,0.001760,0.001568,0.000384,1.771267
1.746338,0.000800,0.014336,0.000576,0.001472,0.001184,0.000352,1.770467
1.745539,0.000736,0.014208,0.000832,0.001536,0.001184,0.000352,1.769859
1.777634,0.000864,0.014272,0.000576,0.001472,0.001120,0.000384,1.801762
1.714946,0.000992,0.014560,0.000416,0.001568,0.001120,0.000416,1.740098
1.747459,0.000800,0.014368,0.000352,0.001376,0.001120,0.000384,1.771171
1.743842,0.000992,0.014720,0.000384,0.001440,0.001056,0.000416,1.768610
1.718914,0.001120,0.014752,0.000416,0.001408,0.001184,0.000384,1.744386
1.758947,0.000832,0.014208,0.000352,0.001536,0.001120,0.000384,1.783075
1.762754,0.001152,0.014944,0.000832,0.001472,0.001184,0.000352,1.789058
1.722626,0.000896,0.014496,0.000384,0.001408,0.001216,0.000384,1.747938
1.746242,0.000768,0.014464,0.000608,0.001504,0.001216,0.000384,1.771458
1.722818,0.000960,0.015008,0.000384,0.001504,0.001152,0.000416,1.748546
1.794371,0.001152,0.015008,0.000352,0.001472,0.001184,0.000384,1.821187
1.745634,0.000896,0.014304,0.000352,0.001536,0.001088,0.000384,1.769378
1.762210,0.000768,0.014624,0.000352,0.001408,0.001088,0.000384,1.787810
1.711458,0.000704,0.014240,0.000384,0.001472,0.001024,0.000352,1.735011
1.728834,0.000800,0.014432,0.000352,0.001568,0.001152,0.000384,1.755106
1.745475,0.000896,0.014528,0.000352,0.001440,0.001120,0.000352,1.769827
1.751906,0.001120,0.014880,0.000352,0.001504,0.001152,0.000384,1.777282
1.757154,0.000800,0.015552,0.000352,0.001472,0.001088,0.000384,1.782914
1.788515,0.000832,0.014272,0.000352,0.001504,0.001024,0.000352,1.812867
1.707362,0.000864,0.014656,0.000768,0.001504,0.001216,0.000384,1.732514
1.764482,0.000800,0.014144,0.000384,0.001504,0.001120,0.000352,1.788418
1.751810,0.000736,0.014240,0.000448,0.001472,0.001120,0.000384,1.775714
1.742690,0.000768,0.014432,0.000384,0.001856,0.001312,0.000384,1.768898
1.745890,0.001120,0.014752,0.000352,0.001568,0.001248,0.000384,1.771234
1.718594,0.000864,0.014272,0.000384,0.001536,0.001120,0.000608,1.743298
1.742018,0.000896,0.014400,0.000352,0.001504,0.001184,0.000384,1.766306
1.718754,0.000832,0.014368,0.000416,0.001504,0.001216,0.000384,1.743394
1.751747,0.000768,0.014432,0.000384,0.001568,0.001216,0.000416,1.776131
1.746755,0.000896,0.014464,0.000640,0.001536,0.001216,0.000384,1.771939
1.726466,0.000864,0.014656,0.000384,0.001504,0.001248,0.000384,1.751074
1.707874,0.000832,0.014336,0.000384,0.001440,0.001120,0.000352,1.732290
1.748834,0.000896,0.014720,0.000384,0.001536,0.001152,0.000384,1.773506
1.765955,0.000864,0.014272,0.000384,0.001472,0.001248,0.000352,1.790211
1.730114,0.000864,0.014336,0.000384,0.001472,0.001152,0.000384,1.754114
1.715522,0.000736,0.014368,0.000864,0.001440,0.001152,0.000576,1.740578
1.749538,0.000832,0.014560,0.000352,0.001504,0.001152,0.000384,1.773890
1.759042,0.000832,0.014304,0.000384,0.001472,0.001184,0.000416,1.783490
1.737219,0.000864,0.014176,0.000768,0.001472,0.001120,0.000352,1.761539
1.730882,0.000704,0.014272,0.000864,0.001504,0.001312,0.000416,1.755842
1.770978,0.000800,0.014688,0.000384,0.001504,0.001152,0.000384,1.795618
1.739106,0.001088,0.014720,0.000416,0.001536,0.001120,0.000352,1.765442
1.750818,0.000704,0.014496,0.000352,0.001504,0.001280,0.000416,1.775651
1.750178,0.000800,0.014464,0.000384,0.001568,0.001184,0.000384,1.774946
1.772675,0.000800,0.014560,0.000384,0.001504,0.001216,0.000416,1.797475
1.746306,0.000896,0.014400,0.000544,0.001536,0.001184,0.000416,1.771490
1.766371,0.000992,0.014624,0.000416,0.001536,0.001152,0.000352,1.791011
1.727778,0.000992,0.014304,0.000352,0.001568,0.001184,0.000416,1.752866
1.776035,0.000896,0.015008,0.000768,0.001600,0.001248,0.000384,1.803619
1.729602,0.000928,0.014560,0.000352,0.001440,0.001152,0.000384,1.754754
1.773858,0.001088,0.015488,0.000384,0.001536,0.001184,0.000384,1.801122
1.714786,0.000896,0.014720,0.000800,0.001536,0.001216,0.000384,1.740194
1.778595,0.001216,0.015552,0.000416,0.001568,0.001152,0.000384,1.805635
1.713219,0.000960,0.014528,0.000352,0.001472,0.001184,0.000416,1.737827
1.783362,0.000864,0.014657,0.000384,0.001568,0.001120,0.000384,1.808483
1.718786,0.000928,0.014528,0.000384,0.001536,0.001280,0.000384,1.743714
1.776482,0.000864,0.014496,0.000352,0.001504,0.001216,0.000384,1.801442
1.726050,0.000960,0.014304,0.000320,0.001472,0.001152,0.000352,1.750306
1.774179,0.001120,0.015584,0.001088,0.001536,0.001216,0.000480,1.801635
1.760131,0.000768,0.014976,0.000384,0.001440,0.001216,0.000416,1.785091
1.780034,0.000960,0.014592,0.000544,0.001568,0.001216,0.000416,1.805058
1.729890,0.000800,0.014304,0.000800,0.001536,0.001184,0.000384,1.754594
1.784098,0.000960,0.015744,0.000384,0.001536,0.001088,0.000416,1.811202
1.720482,0.000832,0.014336,0.000384,0.001536,0.001184,0.000416,1.744482
1.743266,0.000832,0.014240,0.000352,0.001472,0.001280,0.000352,1.767810
1.709826,0.000704,0.014592,0.000352,0.001536,0.001120,0.000384,1.734050
1.732035,0.000960,0.015328,0.000384,0.001600,0.001280,0.000448,1.760195
1.721667,0.000832,0.014496,0.000384,0.001536,0.001216,0.000352,1.746051
1.747811,0.001024,0.015328,0.000832,0.001600,0.001184,0.000384,1.774787
1.714242,0.000864,0.014368,0.000352,0.001600,0.001184,0.000416,1.738562
1.747491,0.000928,0.014912,0.000384,0.001536,0.001120,0.000416,1.774147
1.724610,0.000928,0.014496,0.000352,0.001440,0.001184,0.000384,1.749410
1.741954,0.001056,0.016032,0.000800,0.001504,0.001216,0.000384,1.771938
1.742467,0.000864,0.014336,0.000384,0.001568,0.001088,0.000384,1.767107
1.778754,0.000960,0.014432,0.000352,0.001536,0.001184,0.000416,1.805090
1.752803,0.000928,0.014592,0.000800,0.001472,0.001216,0.000384,1.777923
1.740418,0.000832,0.014464,0.000384,0.001568,0.001152,0.000416,1.765890
1.735458,0.000928,0.014368,0.000352,0.001536,0.001216,0.000416,1.759394
1.782403,0.000992,0.014752,0.000352,0.001536,0.001216,0.000384,1.808419
1.714499,0.000864,0.014304,0.000416,0.001408,0.001152,0.000384,1.738563
1.768322,0.000960,0.014944,0.000352,0.001440,0.001056,0.000416,1.794146
1.744226,0.000896,0.014496,0.000384,0.001440,0.001120,0.000416,1.768546
1.778019,0.000960,0.014592,0.000352,0.001504,0.001184,0.000384,1.803875
1.715042,0.000800,0.014560,0.000352,0.001536,0.001152,0.000384,1.739682
1.785250,0.000928,0.014624,0.000768,0.001472,0.001216,0.000384,1.811394
1.713059,0.000832,0.015584,0.000416,0.001536,0.001120,0.000352,1.739299
1.776451,0.000832,0.014496,0.000864,0.001504,0.001376,0.000384,1.802051
1.720962,0.000736,0.014560,0.000416,0.001504,0.001152,0.000384,1.746018
1.780162,0.001408,0.015520,0.000576,0.001888,0.001376,0.000384,1.808482
1.716866,0.000864,0.014752,0.000352,0.001568,0.001248,0.000416,1.742594
1.753314,0.001056,0.015872,0.000384,0.001664,0.001216,0.000416,1.781154
1.762178,0.001088,0.014784,0.000800,0.001536,0.001312,0.000416,1.789986
1.793218,0.000864,0.015008,0.000384,0.001568,0.001152,0.000384,1.820930
1.724354,0.000800,0.014496,0.000384,0.001600,0.001216,0.000384,1.749058
1.761730,0.000896,0.014624,0.000416,0.001568,0.001248,0.000384,1.788290
1.742978,0.000768,0.014560,0.000352,0.001568,0.001280,0.000448,1.768226
1.752162,0.000960,0.015840,0.000352,0.001600,0.001152,0.000384,1.779618
1.746690,0.000800,0.014656,0.000352,0.001600,0.001216,0.000384,1.771682
1.777762,0.001152,0.015104,0.000352,0.001536,0.001216,0.000384,1.804034
1.766115,0.000864,0.014496,0.000576,0.001536,0.001216,0.000416,1.791651
1.747778,0.000896,0.014336,0.000352,0.001632,0.001216,0.000384,1.772290
1.724802,0.000896,0.014528,0.000384,0.001472,0.001248,0.000384,1.750978
1.767171,0.001024,0.015616,0.000384,0.001440,0.001280,0.000384,1.793699
1.747074,0.000768,0.014656,0.000416,0.001504,0.001280,0.000384,1.772642
1.756834,0.001056,0.014848,0.000352,0.001504,0.001088,0.000384,1.781602
1.735170,0.000768,0.014465,0.000832,0.001568,0.001216,0.000384,1.760515
1.772035,0.001408,0.017696,0.000544,0.001824,0.001632,0.000672,1.804035
1.735778,0.001120,0.016064,0.000608,0.001728,0.001504,0.000608,1.764930
1.736771,0.001056,0.015744,0.000576,0.001536,0.001376,0.000608,1.764355
1.737730,0.000864,0.015360,0.000576,0.001472,0.001312,0.000352,1.763778
1.725538,0.000832,0.015616,0.000608,0.001632,0.001216,0.000416,1.751970
1.728354,0.000960,0.014880,0.000608,0.001664,0.001280,0.000384,1.754274
1.753122,0.000992,0.015104,0.000544,0.001600,0.001216,0.000448,1.778818
1.754211,0.000960,0.015744,0.000384,0.001536,0.019520,0.001056,1.800323
1.736834,0.000896,0.014432,0.000384,0.001504,0.001120,0.000576,1.761762
1.743075,0.000768,0.014368,0.000384,0.001600,0.001184,0.000416,1.768035
1.711362,0.000736,0.014560,0.000384,0.001568,0.001248,0.000384,1.735650
1.752386,0.000896,0.016736,0.000384,0.001600,0.001120,0.000352,1.779362
1.760611,0.000832,0.014720,0.000416,0.001504,0.001184,0.000352,1.784963
1.785955,0.000704,0.014784,0.000384,0.001536,0.001120,0.000384,1.810947
1.712675,0.000736,0.014592,0.000352,0.001536,0.001376,0.000384,1.737411
1.773827,0.001184,0.016352,0.000416,0.001472,0.001120,0.000416,1.800739
1.756386,0.001344,0.014592,0.000352,0.001472,0.001216,0.000384,1.782146
1.783906,0.001120,0.016128,0.000384,0.001568,0.001184,0.000384,1.811458
1.725922,0.000800,0.014720,0.000384,0.001504,0.001152,0.000384,1.750690
1.767810,0.001376,0.015168,0.000416,0.001600,0.001248,0.000384,1.795490
1.732674,0.000864,0.014944,0.000576,0.001536,0.001216,0.000384,1.758466
1.753475,0.000896,0.016416,0.000384,0.001600,0.001312,0.000384,1.783363
1.755138,0.000768,0.014304,0.000576,0.001472,0.001120,0.000384,1.780066
1.736770,0.001216,0.016480,0.000384,0.001536,0.001216,0.000416,1.764642
1.724098,0.000768,0.014496,0.000608,0.001568,0.001152,0.000384,1.748898
1.775811,0.001152,0.014912,0.000608,0.001472,0.001152,0.000384,1.802339
1.755939,0.000896,0.014368,0.000800,0.001536,0.001216,0.000384,1.780867
1.791715,0.000864,0.015680,0.000640,0.001504,0.001280,0.000416,1.818467
1.760386,0.001280,0.016288,0.000832,0.001792,0.001088,0.000384,1.788578
1.733570,0.001152,0.014976,0.000384,0.001504,0.001312,0.000384,1.761410
1.726690,0.001408,0.015808,0.000800,0.001504,0.001120,0.000384,1.754594
1.770115,0.000960,0.016064,0.000384,0.001536,0.001312,0.000416,1.796899
1.729954,0.000864,0.014528,0.000352,0.001696,0.001280,0.000352,1.754562
1.785699,0.000864,0.015552,0.000384,0.001504,0.001184,0.000384,1.812227
1.757058,0.000864,0.014368,0.000576,0.001600,0.001056,0.000384,1.781186
1.740547,0.000960,0.014304,0.000352,0.001536,0.001184,0.000384,1.764963
1.714370,0.000928,0.014496,0.000320,0.001632,0.001280,0.000416,1.739714
1.784579,0.000992,0.015104,0.000320,0.001600,0.001344,0.000384,1.810819
1.764610,0.001088,0.016096,0.000384,0.001760,0.001504,0.000576,1.793602
1.762339,0.000928,0.015328,0.000384,0.001632,0.001504,0.000448,1.790435
1.720706,0.000992,0.015104,0.000608,0.001728,0.001152,0.000416,1.747170
1.749539,0.000864,0.014912,0.000384,0.001536,0.001184,0.000352,1.774947
1.729378,0.000736,0.014880,0.000608,0.001664,0.001376,0.000384,1.755426
1.758050,0.000896,0.015328,0.000384,0.001888,0.001248,0.000352,1.784258
1.731331,0.000800,0.014912,0.000352,0.001600,0.001216,0.000448,1.756963
1.796835,0.001056,0.014848,0.000576,0.001600,0.001472,0.000448,1.823491
1.741506,0.000832,0.014688,0.000384,0.001536,0.001504,0.000832,1.768546
1.769858,0.001184,0.014976,0.000576,0.001760,0.001408,0.000352,1.796738
1.749570,0.000960,0.015040,0.000384,0.001568,0.001280,0.000384,1.776482
1.778211,0.000864,0.015040,0.000416,0.001536,0.001248,0.000384,1.804579
1.715747,0.000928,0.014720,0.000576,0.001568,0.001280,0.000416,1.741347
1.760098,0.000960,0.015296,0.000352,0.001536,0.001440,0.000384,1.786723
1.727139,0.000832,0.014720,0.000576,0.001568,0.001376,0.000416,1.753283
1.794563,0.001056,0.014784,0.000384,0.001504,0.001440,0.000416,1.820579
1.775107,0.000928,0.014752,0.000544,0.001536,0.001376,0.000416,1.800931
1.803843,0.000960,0.014720,0.000576,0.001504,0.001248,0.000416,1.829123
1.782435,0.000928,0.014976,0.000576,0.001568,0.001184,0.000384,1.808259
1.814146,0.000992,0.015392,0.000544,0.001504,0.001344,0.000384,1.841346
1.732962,0.000800,0.014336,0.000416,0.001536,0.001248,0.000384,1.758530
1.720066,0.000864,0.014976,0.000608,0.001568,0.001184,0.000416,1.745506
1.744770,0.000960,0.015104,0.000608,0.001792,0.001184,0.000352,1.771906
1.738147,0.000928,0.015104,0.000576,0.001760,0.001248,0.000352,1.764291
1.719651,0.000736,0.015232,0.000576,0.001632,0.001376,0.000384,1.746211
1.732962,0.000992,0.014912,0.000576,0.001536,0.001216,0.000384,1.758978
1.732482,0.000928,0.015040,0.000352,0.001792,0.001280,0.000384,1.759042
1.785379,0.000800,0.014592,0.000384,0.001536,0.001216,0.000416,1.810755
1.743874,0.000992,0.014592,0.000576,0.001536,0.001248,0.000384,1.770018
1.731650,0.000896,0.014945,0.000544,0.001824,0.001216,0.000608,1.757923
1.784579,0.000928,0.015264,0.000384,0.001536,0.001248,0.000384,1.811267
1.754018,0.000832,0.014592,0.000416,0.001536,0.001248,0.000416,1.779202
1.744067,0.000928,0.014720,0.000576,0.001536,0.001280,0.000416,1.769475
1.773922,0.000960,0.014432,0.000544,0.001472,0.001248,0.000352,1.798786
1.810403,0.000896,0.014624,0.000576,0.001536,0.001184,0.000384,1.835811
1.770851,0.000800,0.014688,0.000576,0.001504,0.001184,0.000384,1.795875
1.807234,0.000992,0.014592,0.000384,0.001568,0.001120,0.000384,1.832386
1.750850,0.001056,0.014944,0.000608,0.001504,0.001152,0.000448,1.776898
1.759875,0.000832,0.014752,0.000608,0.001536,0.001216,0.000384,1.786179
1.728162,0.000736,0.014720,0.000576,0.001536,0.001408,0.000416,1.753986
1.787395,0.000864,0.014880,0.000832,0.001568,0.001280,0.000384,1.814147
1.745027,0.000928,0.014944,0.000384,0.001568,0.001440,0.000384,1.770915
1.744482,0.001088,0.015104,0.000352,0.001504,0.001152,0.000384,1.770594
1.762658,0.000896,0.014816,0.000640,0.001504,0.001280,0.000384,1.788706
1.786498,0.001344,0.015008,0.000352,0.001632,0.001184,0.000416,1.813506
1.767874,0.001440,0.017024,0.000352,0.002048,0.001696,0.000576,1.800034
1.751394,0.001184,0.015520,0.000576,0.001984,0.001376,0.000352,1.779138
1.745762,0.000896,0.015296,0.000608,0.001632,0.001440,0.000416,1.772418
1.784803,0.001024,0.016288,0.000576,0.001600,0.001440,0.000384,1.813219
1.774531,0.001152,0.015744,0.000576,0.001504,0.001312,0.000352,1.801635
1.764547,0.001120,0.016032,0.000576,0.001696,0.001216,0.000352,1.792195
1.721251,0.000992,0.014944,0.000384,0.001568,0.001248,0.000416,1.747235
1.746083,0.001024,0.015488,0.000416,0.001792,0.001312,0.000384,1.773603
1.717986,0.001088,0.015296,0.000416,0.001664,0.001280,0.000384,1.744866
1.797122,0.001056,0.015296,0.000352,0.001728,0.001376,0.000384,1.823458
1.718594,0.000960,0.015040,0.000320,0.001504,0.001344,0.000384,1.744546
1.800419,0.001088,0.015008,0.000384,0.001600,0.001344,0.000352,1.826467
1.737827,0.000928,0.014784,0.000352,0.001600,0.001184,0.000384,1.763683
1.781442,0.000960,0.014880,0.000576,0.001504,0.001280,0.000384,1.807106
1.751074,0.000960,0.014784,0.000384,0.001792,0.001344,0.000416,1.778114
1.746147,0.001056,0.015424,0.000608,0.001856,0.001216,0.000352,1.772899
1.739875,0.000800,0.015488,0.000544,0.001504,0.001280,0.000416,1.766371
1.784226,0.001056,0.015200,0.000576,0.001536,0.001216,0.000416,1.810114
1.732291,0.000960,0.014848,0.000384,0.001568,0.001248,0.000416,1.757891
1.764994,0.000960,0.015136,0.000608,0.001632,0.001248,0.000384,1.791522
1.731491,0.001024,0.015616,0.000320,0.001824,0.001280,0.000352,1.757891
1.769154,0.000928,0.014976,0.000544,0.001536,0.001376,0.000416,1.794690
1.769763,0.000992,0.015232,0.000352,0.001664,0.001216,0.000416,1.795619
1.755938,0.000960,0.015072,0.000352,0.001568,0.001280,0.000448,1.781570
1.740803,0.001120,0.015200,0.000384,0.001664,0.001248,0.000384,1.767203
1.735010,0.000928,0.014880,0.000544,0.001472,0.001184,0.000416,1.760034
1.740707,0.000928,0.015008,0.000576,0.001568,0.001184,0.000416,1.767075
1.753986,0.001024,0.014944,0.000864,0.001664,0.001216,0.000384,1.779874
1.749090,0.001056,0.015104,0.000576,0.001504,0.001216,0.000384,1.775522
1.731395,0.000992,0.014720,0.000384,0.001600,0.001184,0.000384,1.756259
1.764771,0.000896,0.014688,0.000352,0.001600,0.001152,0.000416,1.789859
1.750242,0.000832,0.014528,0.000384,0.001536,0.001216,0.000384,1.775138
1.756610,0.000928,0.014784,0.000576,0.001600,0.001312,0.000384,1.783202
1.771842,0.000864,0.014752,0.000384,0.001600,0.001248,0.000416,1.797314
1.728963,0.000736,0.014720,0.000384,0.001536,0.001280,0.000352,1.754275
1.755459,0.000768,0.014432,0.000416,0.001568,0.001248,0.000352,1.780451
1.756802,0.001216,0.016096,0.000416,0.001536,0.001216,0.000352,1.784226
1.773795,0.001248,0.014784,0.000832,0.001472,0.001280,0.000320,1.800035
1.752547,0.001376,0.015264,0.000576,0.001568,0.001216,0.000352,1.779203
1.733987,0.000864,0.014496,0.000352,0.001600,0.001280,0.000384,1.759107
1.748003,0.001024,0.014720,0.000352,0.001632,0.001216,0.000384,1.773379
1.771171,0.000832,0.014752,0.000352,0.001600,0.001152,0.000384,1.796291
1.793251,0.000896,0.014784,0.000800,0.001568,0.001216,0.000416,1.819555
1.726562,0.000896,0.014816,0.000608,0.001760,0.001344,0.000416,1.753186
1.754178,0.000896,0.014848,0.000384,0.001664,0.001216,0.000384,1.780418
1.774114,0.000896,0.014912,0.000384,0.001568,0.001216,0.000352,1.800322
1.734210,0.000960,0.014656,0.000544,0.001600,0.001184,0.000448,1.759682
1.759875,0.000832,0.014880,0.000352,0.001760,0.001248,0.000416,1.785795
1.764130,0.001280,0.015232,0.000384,0.001536,0.001216,0.000448,1.790370
1.728482,0.000896,0.014464,0.000608,0.001600,0.001248,0.000352,1.753570
1.786147,0.000960,0.014656,0.000352,0.001536,0.001280,0.000416,1.812067
1.727266,0.001280,0.015104,0.000544,0.001504,0.001248,0.000384,1.754050
1.788066,0.001024,0.015136,0.000608,0.001568,0.001280,0.000384,1.814914
1.744419,0.000864,0.014592,0.000576,0.001504,0.001280,0.000384,1.769955
1.805090,0.001408,0.016544,0.000576,0.001568,0.001216,0.000384,1.833442
1.723267,0.000832,0.015008,0.000352,0.001568,0.001280,0.000416,1.748675
1.762050,0.000896,0.015264,0.000608,0.001504,0.001216,0.000352,1.788546
1.729091,0.000800,0.014560,0.000416,0.001600,0.001216,0.000416,1.754147
1.734434,0.001280,0.015104,0.000416,0.001600,0.001216,0.000416,1.761666
1.730115,0.000800,0.014528,0.000320,0.001600,0.001152,0.000416,1.755331
1.742818,0.000768,0.014688,0.000608,0.001536,0.001152,0.000384,1.768738
1.739938,0.000960,0.015040,0.000576,0.001568,0.001184,0.000384,1.766082
1.757603,0.001088,0.014528,0.000800,0.001504,0.001248,0.000384,1.784739
1.735522,0.001056,0.015072,0.000576,0.001728,0.001216,0.000448,1.762178
1.781602,0.000960,0.015360,0.000384,0.001536,0.001248,0.000384,1.808322
1.724259,0.000768,0.015008,0.000608,0.001504,0.001184,0.000384,1.749731
1.758819,0.001056,0.015040,0.000608,0.001536,0.001248,0.000416,1.785443
1.769378,0.000896,0.014624,0.000544,0.001569,0.001216,0.000384,1.795171
1.744898,0.000928,0.015360,0.000576,0.001472,0.001408,0.000384,1.771522
1.759842,0.000896,0.015072,0.000416,0.001536,0.001312,0.000384,1.786530
1.785442,0.000928,0.014976,0.000544,0.001504,0.001280,0.000384,1.811298
1.752514,0.000960,0.014816,0.000352,0.001440,0.001280,0.000384,1.778242
1.741602,0.000960,0.015200,0.000384,0.001536,0.001216,0.000384,1.768098
1.726018,0.000896,0.014560,0.000640,0.001536,0.001312,0.000384,1.751490
1.790371,0.000928,0.015040,0.000608,0.001504,0.001248,0.000416,1.816547
1.709219,0.000736,0.014464,0.000576,0.001504,0.001248,0.000384,1.734691
1.804803,0.000800,0.014656,0.000384,0.001632,0.001280,0.000384,1.830019
1.748034,0.000832,0.014368,0.000832,0.001568,0.001344,0.000384,1.774242
1.758594,0.000896,0.014528,0.000800,0.001472,0.001248,0.000448,1.784258
1.746147,0.000800,0.014528,0.000384,0.001568,0.001376,0.000448,1.771811
1.744195,0.000928,0.014624,0.000832,0.001696,0.001280,0.000864,1.770531
1.747810,0.000800,0.014496,0.000384,0.001536,0.001216,0.000416,1.772706
1.810850,0.000992,0.014912,0.000416,0.001824,0.001216,0.000384,1.836866
1.761507,0.000864,0.015168,0.000544,0.001568,0.001248,0.000576,1.788323
1.786595,0.000928,0.015392,0.000384,0.002048,0.001216,0.000352,1.812899
1.762978,0.000896,0.015584,0.000608,0.001504,0.001312,0.000416,1.789026
1.761411,0.000928,0.015232,0.000576,0.001568,0.001248,0.000416,1.787075
1.740546,0.000736,0.014432,0.000800,0.001568,0.001248,0.000384,1.765730
1.720515,0.001280,0.015136,0.000352,0.001600,0.001248,0.000384,1.746531
1.723843,0.000896,0.014528,0.000544,0.001664,0.001120,0.000352,1.748867
1.742626,0.001312,0.015168,0.000384,0.001504,0.001152,0.000384,1.768354
1.732195,0.000992,0.014688,0.000384,0.001632,0.001248,0.000416,1.758083
1.720802,0.000928,0.014432,0.000384,0.001600,0.001184,0.000384,1.745698
1.743619,0.001312,0.015136,0.000800,0.001536,0.001248,0.000384,1.770691
1.736802,0.001056,0.014592,0.000352,0.001504,0.001216,0.000384,1.762466
1.742627,0.000736,0.014336,0.000832,0.001504,0.001184,0.000384,1.767523
1.714179,0.001248,0.014944,0.000448,0.001536,0.001152,0.000384,1.740067
1.749698,0.000768,0.014464,0.000352,0.001600,0.001184,0.000448,1.775074
1.719874,0.000768,0.014336,0.000384,0.001568,0.001152,0.000352,1.744482
1.758371,0.000992,0.014560,0.000384,0.001568,0.001216,0.000416,1.784419
1.743459,0.000864,0.014720,0.000352,0.001664,0.001280,0.000416,1.769059
1.772770,0.001088,0.015008,0.000416,0.001504,0.001280,0.000352,1.800098
1.761378,0.001184,0.015104,0.000544,0.001536,0.001280,0.000416,1.788162
1.755458,0.001088,0.014720,0.000384,0.001536,0.001216,0.000416,1.781250
1.751075,0.000832,0.014528,0.000416,0.001568,0.001216,0.000416,1.775971
1.775395,0.000992,0.014912,0.000640,0.001536,0.001248,0.000416,1.801219
1.709283,0.000896,0.014720,0.000608,0.001536,0.001248,0.000384,1.734723
1.747651,0.000928,0.015040,0.000512,0.001568,0.001184,0.000416,1.774051
1.755235,0.001152,0.015104,0.000352,0.001568,0.001376,0.000384,1.781539
1.727619,0.001120,0.014656,0.000544,0.001568,0.001280,0.000416,1.753475
1.760707,0.000864,0.015136,0.000832,0.001536,0.001312,0.000416,1.787043
1.763523,0.001472,0.014624,0.000800,0.001536,0.001216,0.000384,1.790243
1.761059,0.000960,0.014496,0.000608,0.001568,0.001312,0.000416,1.786851
1.786498,0.000928,0.014848,0.000384,0.001440,0.001344,0.000384,1.812450
1.729954,0.001248,0.015200,0.000384,0.001728,0.001216,0.000384,1.756866
1.763874,0.000992,0.014720,0.000736,0.001504,0.001248,0.000384,1.789634
1.713411,0.000896,0.014624,0.000800,0.001568,0.001280,0.000608,1.739619
1.744962,0.001344,0.016224,0.000416,0.001536,0.001216,0.000416,1.772962
1.754242,0.001152,0.014592,0.000384,0.001536,0.001248,0.000384,1.780706
1.783299,0.001376,0.015136,0.000352,0.001504,0.001216,0.000384,1.809731
1.722946,0.000896,0.015040,0.000384,0.001504,0.001216,0.000384,1.749250
1.750434,0.001344,0.014560,0.000544,0.001536,0.001216,0.000352,1.776962
1.711331,0.001216,0.015584,0.000608,0.001568,0.001216,0.000384,1.738531
1.748162,0.000896,0.014432,0.000384,0.001600,0.001216,0.000352,1.773186
1.726018,0.000800,0.014528,0.000352,0.001568,0.001248,0.000384,1.751106
1.750339,0.001280,0.015040,0.000832,0.001856,0.001216,0.000384,1.777603
1.753571,0.001184,0.015424,0.000640,0.001600,0.001216,0.000416,1.781219
1.771874,0.001248,0.015232,0.000416,0.001664,0.001344,0.000416,1.798530
1.739843,0.000800,0.014848,0.000384,0.001536,0.001344,0.000384,1.766499
1.742434,0.001312,0.015072,0.000768,0.001600,0.001344,0.000384,1.769026
1.723811,0.000832,0.014976,0.000352,0.001504,0.001216,0.000384,1.748803
1.794083,0.001472,0.015968,0.000416,0.001536,0.001248,0.000416,1.821923
1.754242,0.001408,0.015168,0.000352,0.001568,0.001184,0.000384,1.781538
1.752355,0.001440,0.015072,0.000800,0.001568,0.001376,0.000448,1.779075
1.712066,0.000992,0.014496,0.000352,0.001568,0.001280,0.000416,1.737186
1.742178,0.001440,0.015456,0.000384,0.001600,0.001216,0.000352,1.768930
1.723074,0.000928,0.014304,0.000608,0.001792,0.001280,0.000352,1.748610
1.743202,0.000960,0.014784,0.000704,0.001568,0.001248,0.000384,1.769154
1.725283,0.000896,0.014496,0.000384,0.001568,0.001216,0.000416,1.750627
1.750723,0.001312,0.015648,0.000832,0.001856,0.001376,0.000384,1.779043
1.733731,0.000928,0.014784,0.000384,0.001568,0.001376,0.000384,1.760707
1.767843,0.001472,0.015072,0.000608,0.001568,0.001376,0.000416,1.794659
1.727618,0.001024,0.014944,0.000352,0.001504,0.001376,0.000384,1.753314
1.806786,0.001408,0.015296,0.000416,0.001536,0.001376,0.000384,1.833538
1.758306,0.000992,0.014688,0.000320,0.001536,0.001408,0.000384,1.784162
1.794531,0.001312,0.015264,0.000384,0.001632,0.001408,0.000384,1.821283
1.731075,0.000800,0.014912,0.000576,0.001600,0.001248,0.000384,1.757571
1.794722,0.001408,0.015232,0.000384,0.001536,0.001344,0.000384,1.822082
1.730178,0.001312,0.015584,0.000384,0.001568,0.001344,0.000384,1.757314
1.753762,0.001376,0.015168,0.000416,0.001568,0.001376,0.000384,1.781026
1.743907,0.000992,0.014752,0.000384,0.001536,0.001344,0.000352,1.770371
1.761187,0.001024,0.014880,0.000384,0.001760,0.001376,0.000416,1.787011
1.753667,0.001344,0.016160,0.000384,0.001568,0.001440,0.000416,1.782115
1.770434,0.001280,0.015360,0.000384,0.001536,0.001344,0.000448,1.797602
1.758595,0.001184,0.015520,0.000384,0.002048,0.001216,0.000352,1.785859
1.771875,0.001568,0.015296,0.000608,0.001536,0.001216,0.000352,1.798947
1.768259,0.001120,0.015552,0.000608,0.001728,0.001472,0.000384,1.795747
1.753731,0.000864,0.015552,0.000576,0.001632,0.001280,0.000352,1.780387
1.749666,0.000864,0.014752,0.000608,0.001504,0.001280,0.000416,1.775554
1.765987,0.000928,0.014752,0.000608,0.001536,0.001184,0.000384,1.791427
1.762946,0.000896,0.014688,0.000672,0.001600,0.001216,0.000384,1.789442
1.764995,0.000736,0.014656,0.000384,0.001504,0.001152,0.000384,1.790051
1.766882,0.001056,0.032512,0.000736,0.002112,0.001280,0.000352,1.812002
1.731171,0.000896,0.014848,0.000640,0.001632,0.001280,0.000384,1.757379
1.763747,0.000992,0.017088,0.000416,0.001664,0.001312,0.000416,1.792611
1.767138,0.001056,0.015776,0.000352,0.001568,0.001248,0.000352,1.794178
1.792547,0.000960,0.015104,0.000352,0.001632,0.001120,0.000416,1.817795
1.743011,0.000864,0.015040,0.000576,0.001632,0.001408,0.000384,1.769635
1.753027,0.001088,0.015392,0.000576,0.001504,0.001152,0.000320,1.780611
1.766978,0.001280,0.016096,0.000608,0.001696,0.001280,0.000320,1.794466
1.791554,0.001152,0.015872,0.000576,0.001824,0.001184,0.000352,1.819778
1.718435,0.000992,0.015008,0.000576,0.001760,0.001440,0.000320,1.744995
1.761187,0.000896,0.016896,0.000384,0.001664,0.001600,0.000384,1.789635
1.766530,0.000992,0.016480,0.000576,0.001600,0.001152,0.000384,1.794658
1.772482,0.000896,0.015008,0.000320,0.001760,0.001248,0.000352,1.798562
1.742818,0.001056,0.015168,0.000576,0.001504,0.001280,0.000448,1.769602
1.753186,0.001120,0.016000,0.000576,0.001568,0.001344,0.000416,1.780226
1.733570,0.000832,0.015168,0.000608,0.001600,0.001280,0.000544,1.760066
1.760418,0.001312,0.016064,0.000576,0.001504,0.001472,0.000352,1.788290
1.772002,0.001024,0.016416,0.000448,0.001792,0.001312,0.000384,1.799586
1.783906,0.001152,0.015744,0.000608,0.001760,0.001248,0.000384,1.811618
1.748354,0.000832,0.015680,0.000544,0.001760,0.001248,0.000384,1.775490
1.766114,0.001120,0.014816,0.000384,0.001504,0.001409,0.000352,1.791683
1.763011,0.000928,0.016096,0.000352,0.001664,0.001184,0.000608,1.790243
1.741443,0.000992,0.016512,0.000352,0.001600,0.001216,0.000448,1.769187
1.732386,0.001344,0.015552,0.000640,0.001792,0.001184,0.000608,1.760258
1.755842,0.001152,0.015840,0.000544,0.001632,0.001120,0.000416,1.782498
1.768835,0.000832,0.015456,0.000576,0.001536,0.001248,0.000416,1.794947
1.756803,0.000800,0.015776,0.000544,0.001664,0.001280,0.000352,1.783267
1.761026,0.001024,0.014880,0.000384,0.001472,0.001152,0.000384,1.786882
1.796515,0.000992,0.016128,0.000384,0.001728,0.001216,0.000384,1.824515
1.766435,0.000992,0.015744,0.000352,0.001536,0.001152,0.000576,1.793571
1.760738,0.000864,0.017216,0.000384,0.001824,0.001216,0.000416,1.789346
1.739811,0.000928,0.015008,0.000544,0.001472,0.001248,0.000384,1.765795
1.787618,0.000928,0.015104,0.000608,0.001568,0.001056,0.000448,1.813026
1.739491,0.000864,0.014944,0.000576,0.001632,0.001184,0.000384,1.765315
1.787682,0.000896,0.014912,0.000384,0.001536,0.001152,0.000416,1.813666
1.741027,0.001056,0.016512,0.000416,0.001600,0.001248,0.000416,1.768707
1.757218,0.000896,0.014976,0.000384,0.001536,0.001248,0.000384,1.782338
1.773859,0.001152,0.014720,0.000384,0.001440,0.001120,0.000416,1.798915
1.799747,0.001248,0.015616,0.000416,0.001504,0.001216,0.000384,1.826339
1.766850,0.001248,0.014656,0.000384,0.001600,0.001216,0.000416,1.792514
1.762371,0.000960,0.014912,0.000352,0.001664,0.001216,0.000384,1.787939
1.759107,0.001056,0.014848,0.000384,0.001888,0.001120,0.000384,1.785443
1.765698,0.000960,0.014560,0.000800,0.001761,0.001248,0.000352,1.791107
1.742914,0.000896,0.014560,0.000576,0.001600,0.001152,0.000384,1.768290
1.748898,0.000864,0.014368,0.000576,0.001568,0.001152,0.000416,1.773346
1.759907,0.000960,0.014464,0.000544,0.001472,0.001152,0.000352,1.785635
1.733251,0.001024,0.014720,0.000416,0.001536,0.001248,0.000384,1.758307
1.739907,0.000896,0.016192,0.000608,0.001600,0.001216,0.000384,1.767299
1.768738,0.000960,0.014848,0.000384,0.001600,0.001184,0.000384,1.794179
1.732866,0.000768,0.014272,0.000544,0.001568,0.001152,0.000384,1.757890
1.763042,0.001280,0.014944,0.000384,0.001440,0.001248,0.000384,1.789794
1.734850,0.000960,0.015488,0.000576,0.001856,0.001184,0.000384,1.761826
1.729090,0.000960,0.015136,0.000576,0.001632,0.001216,0.000384,1.755330
1.754339,0.001440,0.015840,0.000608,0.001856,0.001248,0.000352,1.782275
1.765731,0.001280,0.016128,0.000608,0.001600,0.001280,0.000608,1.793763
1.806755,0.000864,0.014464,0.000320,0.001536,0.001120,0.000352,1.831331
1.734435,0.000960,0.014656,0.000384,0.001536,0.001312,0.000416,1.759715
1.804963,0.001056,0.014656,0.000352,0.001568,0.001216,0.000384,1.830435
1.743874,0.001056,0.015776,0.000352,0.001600,0.001184,0.000384,1.770530
1.737250,0.000736,0.015520,0.000384,0.001568,0.001184,0.000384,1.763234
1.728642,0.000704,0.014528,0.000352,0.001568,0.001184,0.000448,1.753218
1.752355,0.001312,0.014976,0.000384,0.001824,0.001248,0.000384,1.779171
1.702274,0.000864,0.014944,0.000352,0.001504,0.000864,0.000352,1.727138
1.783363,0.000960,0.014752,0.000384,0.001568,0.001248,0.000416,1.808995
1.765027,0.000832,0.014848,0.000832,0.001504,0.001248,0.000384,1.790723
1.775970,0.000864,0.014944,0.000544,0.001536,0.001248,0.000384,1.801282
1.730755,0.001152,0.014592,0.000384,0.001568,0.001248,0.000416,1.756675
1.771458,0.001312,0.014592,0.000416,0.001568,0.001248,0.000416,1.797506
1.735586,0.000896,0.014273,0.000352,0.001568,0.001280,0.000384,1.760515
1.791971,0.001248,0.014784,0.000416,0.001568,0.001248,0.000352,1.818179
1.768898,0.001152,0.015232,0.000800,0.001600,0.001216,0.000352,1.794978
1.748610,0.001152,0.015648,0.000352,0.001568,0.001152,0.000384,1.774946
1.724067,0.001152,0.014592,0.000352,0.001600,0.001088,0.000352,1.749891
1.786210,0.001280,0.014944,0.000864,0.001472,0.001184,0.000384,1.811874
1.770114,0.000832,0.014432,0.000384,0.001536,0.001248,0.000384,1.794978
1.771683,0.001408,0.016960,0.000384,0.001472,0.001056,0.000384,1.799299
1.718722,0.000672,0.014208,0.000416,0.001504,0.001216,0.000864,1.743522
1.790819,0.001376,0.015712,0.000416,0.001632,0.001216,0.000864,1.819587
1.729827,0.000960,0.014304,0.000800,0.001600,0.001280,0.000352,1.755619
1.754658,0.000928,0.014336,0.000320,0.001568,0.001248,0.000384,1.779106
1.708803,0.000768,0.014208,0.000864,0.001536,0.001184,0.000384,1.733795
1.748707,0.001312,0.014848,0.000352,0.002784,0.001216,0.000384,1.777123
1.723971,0.000832,0.014272,0.000608,0.001568,0.001216,0.000416,1.748995
1.778915,0.001056,0.015328,0.000352,0.001536,0.001088,0.000384,1.805027
1.719171,0.000768,0.014720,0.000384,0.001536,0.001216,0.000384,1.743427
1.790531,0.000960,0.014432,0.000576,0.001472,0.001120,0.000352,1.814819
1.753955,0.000768,0.015072,0.000320,0.001472,0.001184,0.000352,1.778883
1.771714,0.000832,0.016193,0.000384,0.001504,0.001248,0.000352,1.799619
1.749954,0.001120,0.014720,0.000832,0.001536,0.001216,0.000384,1.776002
1.745922,0.000864,0.014432,0.000352,0.001536,0.001120,0.000416,1.769794
1.750338,0.001088,0.014304,0.000352,0.001536,0.001184,0.000384,1.775074
1.773827,0.000800,0.014240,0.000384,0.001536,0.001088,0.000384,1.797315
1.747139,0.000768,0.014240,0.000800,0.001536,0.001120,0.000352,1.771491
1.736483,0.001088,0.014496,0.000384,0.001568,0.001056,0.000384,1.761059
1.735010,0.000736,0.013984,0.000384,0.001504,0.001152,0.000384,1.758946
1.770594,0.000672,0.015392,0.000800,0.001568,0.001184,0.000384,1.798146
1.766467,0.001152,0.014464,0.000576,0.001568,0.001312,0.000416,1.792803
1.766179,0.000960,0.014592,0.000384,0.001568,0.001184,0.000384,1.790691
1.725219,0.001312,0.015936,0.000384,0.001600,0.001120,0.000384,1.752483
1.831554,0.001280,0.016160,0.000448,0.001632,0.001216,0.000448,1.860482
1.767011,0.000832,0.014592,0.000352,0.001792,0.001120,0.000352,1.792035
1.771970,0.000992,0.014816,0.000576,0.001536,0.001280,0.000352,1.797378
1.724195,0.001184,0.015808,0.000416,0.001568,0.001216,0.000384,1.751363
1.797634,0.001184,0.015168,0.000576,0.001600,0.001088,0.000384,1.823810
1.720835,0.000800,0.014208,0.000576,0.001504,0.001152,0.000384,1.745635
1.779682,0.001248,0.015744,0.000384,0.001440,0.001216,0.000384,1.806434
1.762499,0.000960,0.014688,0.000576,0.001536,0.001216,0.000384,1.789475
1.768866,0.001408,0.014624,0.000416,0.001536,0.001120,0.000416,1.795042
1.754499,0.001120,0.015296,0.000768,0.001856,0.001216,0.000384,1.783171
1.782883,0.000864,0.014528,0.000352,0.001504,0.001216,0.000384,1.807235
1.738851,0.000832,0.014240,0.000384,0.001504,0.001312,0.000384,1.762979
1.755491,0.000864,0.014528,0.000352,0.001472,0.001088,0.000352,1.779395
1.725410,0.000736,0.014208,0.000352,0.001504,0.001056,0.000352,1.748930
1.749699,0.000768,0.014304,0.000384,0.001504,0.001024,0.000288,1.772931
1.718595,0.000864,0.014336,0.000768,0.001472,0.001184,0.000384,1.743619
1.785315,0.000800,0.014464,0.000384,0.001568,0.001248,0.000352,1.809699
1.776290,0.001056,0.014688,0.000384,0.001536,0.001152,0.000384,1.801410
1.781475,0.000960,0.014208,0.000640,0.001504,0.001088,0.000384,1.806019
1.743683,0.000864,0.014240,0.000800,0.001472,0.001248,0.000384,1.768131
1.781987,0.000896,0.014560,0.000352,0.001408,0.001088,0.000416,1.806179
1.745155,0.001056,0.015872,0.000864,0.001504,0.001120,0.000384,1.772067
1.769507,0.001248,0.014592,0.000384,0.001504,0.001184,0.000384,1.794787
1.729955,0.000896,0.014144,0.000352,0.001536,0.001120,0.000384,1.754051
1.746243,0.001248,0.015168,0.000544,0.001600,0.001152,0.000384,1.774627
1.723779,0.000736,0.014240,0.000384,0.001536,0.001120,0.000832,1.748515
1.767587,0.001152,0.016384,0.000384,0.001472,0.001088,0.000384,1.794755
1.735331,0.000928,0.014240,0.000576,0.001536,0.001216,0.000384,1.760067
1.729219,0.000768,0.014208,0.000576,0.001504,0.001152,0.000416,1.753507
1.722979,0.000992,0.015424,0.000416,0.001440,0.001152,0.000384,1.748899
1.739971,0.000800,0.014560,0.000352,0.001408,0.001152,0.000384,1.763939
1.726051,0.000864,0.014528,0.000352,0.001472,0.001120,0.000384,1.750243
1.731426,0.000960,0.014560,0.000352,0.001472,0.001120,0.000416,1.755650
1.725155,0.000928,0.014144,0.000384,0.001600,0.001152,0.000384,1.749219
1.761507,0.000928,0.014336,0.000352,0.001504,0.001088,0.000416,1.785475
1.759042,0.001216,0.016064,0.000384,0.001536,0.001184,0.000448,1.785794
1.729954,0.001088,0.014880,0.000384,0.001536,0.001088,0.000384,1.754690
1.766019,0.001152,0.014528,0.000384,0.001504,0.001120,0.000352,1.790499
1.743715,0.000864,0.016128,0.000352,0.001504,0.001216,0.000352,1.770339
1.761762,0.001184,0.014336,0.000384,0.001440,0.001280,0.000384,1.786722
1.751203,0.000864,0.014144,0.000800,0.001440,0.001152,0.000384,1.776067
1.730114,0.000864,0.016416,0.000800,0.001504,0.001120,0.000384,1.756610
1.769827,0.000960,0.016704,0.000384,0.001504,0.001120,0.000352,1.797123
1.723138,0.001024,0.014240,0.000544,0.001536,0.001152,0.000384,1.747554
1.739811,0.000928,0.014368,0.000608,0.001568,0.000992,0.000384,1.764195
1.755267,0.000832,0.015104,0.000320,0.001504,0.001120,0.000448,1.779747
1.748194,0.000768,0.016384,0.000384,0.001536,0.001184,0.000416,1.774466
1.753315,0.000896,0.015360,0.000352,0.001536,0.001216,0.000384,1.779043
1.718466,0.000704,0.014848,0.000352,0.001504,0.001184,0.000416,1.743842
1.715459,0.001024,0.014624,0.000352,0.001472,0.001088,0.000384,1.739523
1.717506,0.000928,0.014240,0.000640,0.001536,0.001152,0.000353,1.742307
1.753122,0.000992,0.014496,0.000384,0.001440,0.001120,0.000384,1.777506
1.764386,0.000800,0.014400,0.000800,0.001856,0.001088,0.000384,1.789186
1.721123,0.000928,0.014528,0.000320,0.001504,0.001120,0.000352,1.745251
1.771459,0.000736,0.014336,0.000384,0.001472,0.001024,0.000384,1.795651
1.718851,0.015232,0.017088,0.000384,0.001632,0.001184,0.000384,1.761379
1.750786,0.000768,0.014400,0.000352,0.001536,0.001216,0.000832,1.776674
1.751106,0.001088,0.014560,0.000320,0.001568,0.001280,0.000352,1.776002
1.723330,0.000736,0.014400,0.000832,0.001600,0.001216,0.000416,1.749858
1.762307,0.001056,0.014304,0.000352,0.001632,0.001152,0.000384,1.786851
1.714403,0.000832,0.014304,0.000832,0.001536,0.001152,0.000384,1.739107
1.764355,0.001408,0.014816,0.000576,0.001600,0.001216,0.000352,1.791331
1.723266,0.000832,0.014400,0.000384,0.001600,0.001216,0.000384,1.748706
1.753154,0.000992,0.014560,0.000576,0.001568,0.001216,0.000352,1.778402
1.730786,0.000832,0.014880,0.000576,0.001504,0.001376,0.000416,1.756450
1.791331,0.000928,0.014752,0.000800,0.001504,0.001248,0.000384,1.816963
1.745187,0.001248,0.014528,0.000832,0.001568,0.001312,0.000384,1.772099
1.767747,0.001248,0.014464,0.000320,0.001504,0.001248,0.000384,1.793635
1.720963,0.000800,0.014336,0.000576,0.001504,0.001280,0.000384,1.745955
1.783618,0.000896,0.014528,0.000352,0.001536,0.001280,0.000352,1.808642
1.745635,0.001024,0.014560,0.000384,0.001536,0.001280,0.000384,1.771299
1.749123,0.000800,0.014496,0.000384,0.001632,0.001312,0.000416,1.774179
1.709922,0.000768,0.014400,0.000576,0.001600,0.001312,0.000416,1.734818
1.775427,0.000800,0.014336,0.000384,0.001536,0.001280,0.000384,1.800259
1.769987,0.000832,0.014720,0.000800,0.001536,0.001248,0.000384,1.795171
1.794211,0.001280,0.014880,0.000384,0.001504,0.001216,0.000416,1.820451
1.754403,0.000832,0.014720,0.000800,0.001600,0.001248,0.000352,1.780995
1.780674,0.000928,0.014336,0.000352,0.001504,0.001184,0.000384,1.805730
1.758403,0.000832,0.014624,0.000416,0.001536,0.001216,0.000352,1.783139
1.751394,0.001408,0.014656,0.000608,0.001568,0.001184,0.000384,1.777154
1.710851,0.000800,0.014688,0.000416,0.001504,0.001312,0.000352,1.735619
1.777027,0.001216,0.015040,0.000384,0.001536,0.001248,0.000384,1.803363
1.728866,0.000832,0.014304,0.000352,0.001600,0.001184,0.000384,1.753538
1.795683,0.001344,0.015008,0.000352,0.001504,0.001248,0.000384,1.821507
1.728226,0.001152,0.014753,0.000384,0.001536,0.001376,0.000352,1.754307
1.746978,0.000896,0.014976,0.000352,0.001568,0.001216,0.000384,1.772674
1.761891,0.000928,0.014688,0.000576,0.001472,0.001280,0.000384,1.787651
1.789635,0.000928,0.014912,0.000384,0.001600,0.001216,0.000416,1.815331
1.720130,0.000704,0.014336,0.000384,0.001600,0.001216,0.000352,1.744834
1.768451,0.000928,0.014336,0.000352,0.001536,0.001184,0.000384,1.793251
1.748067,0.000800,0.014400,0.000800,0.001568,0.001248,0.000352,1.773027
1.791683,0.000832,0.014624,0.000832,0.001568,0.001216,0.000384,1.817507
1.741475,0.001248,0.014880,0.000384,0.001632,0.001216,0.000416,1.767843
1.799363,0.000832,0.014592,0.000384,0.001504,0.001248,0.000416,1.824323
1.721699,0.000832,0.014368,0.000384,0.001568,0.001248,0.000384,1.746179
1.780643,0.000896,0.014400,0.000384,0.001632,0.001216,0.000352,1.805507
1.763523,0.000960,0.014240,0.000768,0.001600,0.001248,0.000384,1.788323
1.748579,0.001216,0.015168,0.000608,0.001536,0.001216,0.000352,1.775427
1.752738,0.000800,0.014369,0.000384,0.001568,0.001280,0.000384,1.777091
1.776067,0.001248,0.014784,0.000768,0.001632,0.001248,0.000352,1.802467
1.731139,0.001248,0.014688,0.000800,0.001568,0.001248,0.000352,1.757347
1.800675,0.001248,0.015232,0.000384,0.002784,0.001376,0.000384,1.828067
1.745442,0.001248,0.015584,0.000832,0.001600,0.001184,0.000384,1.772802
1.743714,0.000832,0.014464,0.000384,0.001568,0.001312,0.000352,1.769282
1.755107,0.000864,0.014368,0.000800,0.001632,0.001248,0.000384,1.780675
1.747427,0.000864,0.015168,0.000384,0.001664,0.001216,0.000384,1.774403
1.752739,0.000768,0.014496,0.000608,0.001568,0.001312,0.000384,1.778019
1.755970,0.000832,0.014464,0.000384,0.001568,0.001280,0.000384,1.781026
1.731554,0.001280,0.015072,0.000544,0.001728,0.001248,0.000352,1.757698
1.753187,0.001152,0.014752,0.000608,0.002016,0.001280,0.000384,1.780931
1.730338,0.001120,0.014880,0.000832,0.001472,0.001184,0.000384,1.756770
1.751651,0.000896,0.014272,0.000416,0.001504,0.001120,0.000384,1.776259
1.739075,0.000800,0.014560,0.000576,0.001504,0.001216,0.000384,1.764387
1.776259,0.000864,0.014528,0.000416,0.001632,0.001216,0.000352,1.802211
1.728163,0.000800,0.014304,0.000832,0.001536,0.001120,0.000384,1.753187
1.798275,0.000992,0.014304,0.000352,0.001504,0.001152,0.000416,1.824803
1.714275,0.000832,0.014464,0.000800,0.001632,0.001184,0.000416,1.740099
1.795586,0.000992,0.014240,0.000384,0.001600,0.001120,0.000384,1.820066
1.718915,0.000992,0.014176,0.000416,0.001568,0.001184,0.000384,1.743587
1.747395,0.000864,0.014240,0.000544,0.001472,0.001152,0.000384,1.771907
1.722338,0.000800,0.014208,0.000384,0.001536,0.001248,0.000384,1.746882
1.725539,0.000960,0.014272,0.000384,0.001504,0.001184,0.000416,1.749411
1.728195,0.000736,0.014368,0.000608,0.001472,0.001152,0.000384,1.753027
1.761282,0.000672,0.014272,0.000576,0.001568,0.001184,0.000352,1.785314
1.751331,0.000800,0.015040,0.000832,0.001504,0.001152,0.000352,1.777123
1.762851,0.000832,0.014528,0.000352,0.001568,0.001216,0.000352,1.787299
1.731075,0.000768,0.014304,0.000576,0.001536,0.001248,0.000384,1.756163
1.727842,0.000800,0.014624,0.000544,0.001760,0.001056,0.000384,1.752546
1.725539,0.000928,0.014880,0.000352,0.001536,0.001056,0.000384,1.750819
1.722947,0.000896,0.014944,0.000352,0.001568,0.001216,0.000384,1.748131
1.716227,0.000992,0.014688,0.000352,0.001504,0.001088,0.000384,1.741923
1.732163,0.000704,0.014208,0.000384,0.001536,0.001312,0.000352,1.756163
1.762243,0.000864,0.014720,0.000352,0.001600,0.001120,0.000384,1.786755
1.726371,0.000704,0.014592,0.000416,0.001600,0.001216,0.000384,1.751491
1.733251,0.000960,0.015296,0.000608,0.001600,0.001216,0.000384,1.759939
1.746691,0.000896,0.015488,0.000608,0.001568,0.001120,0.000416,1.773251
1.751715,0.000960,0.014560,0.000576,0.001728,0.001152,0.000384,1.777059
1.765475,0.000992,0.014880,0.000416,0.001600,0.001248,0.000384,1.790723
1.750947,0.000736,0.014464,0.000416,0.001632,0.001024,0.000352,1.775651
1.737187,0.000832,0.014624,0.000608,0.001600,0.001152,0.000352,1.762179
1.745570,0.000800,0.015328,0.000384,0.001728,0.001184,0.000384,1.771394
1.720450,0.000769,0.014624,0.000384,0.001504,0.001312,0.000480,1.744835
1.778755,0.000768,0.014752,0.000576,0.017664,0.001536,0.000384,1.820643
1.756195,0.000832,0.014272,0.000384,0.001536,0.001216,0.000416,1.780099
1.781826,0.000736,0.014560,0.000384,0.001664,0.001408,0.000384,1.806946
1.727203,0.000832,0.014464,0.000352,0.001600,0.001088,0.000352,1.751299
1.802659,0.000800,0.014784,0.000352,0.001504,0.001248,0.000320,1.827043
1.754883,0.000928,0.014944,0.000608,0.001856,0.001120,0.000352,1.781123
1.783107,0.000992,0.014976,0.000352,0.001920,0.001280,0.000320,1.810883
1.732194,0.000800,0.014272,0.000384,0.001536,0.001216,0.000640,1.756482
1.760675,0.000928,0.014528,0.000384,0.001472,0.001184,0.000384,1.786243
1.727202,0.000832,0.014368,0.000320,0.001600,0.001248,0.000352,1.752258
1.748771,0.000896,0.014240,0.000384,0.001504,0.001248,0.000352,1.774435
1.764290,0.000832,0.014368,0.000416,0.001728,0.001312,0.000352,1.788962
1.776163,0.001152,0.014592,0.000352,0.001632,0.001248,0.000352,1.802723
1.767842,0.000992,0.014624,0.000416,0.001728,0.001152,0.000384,1.792802
1.792803,0.001344,0.015200,0.000576,0.001568,0.001184,0.000352,1.820035
1.766370,0.001056,0.014912,0.000416,0.001536,0.001248,0.000384,1.793538
1.783330,0.001024,0.014368,0.000352,0.001760,0.001344,0.000384,1.808674
1.759011,0.000960,0.015008,0.000416,0.001504,0.001184,0.000384,1.784899
1.736355,0.000800,0.014336,0.000352,0.001568,0.001152,0.000352,1.760867
1.759075,0.000832,0.014432,0.000416,0.001504,0.001280,0.000384,1.784675
1.760962,0.000960,0.014464,0.000576,0.001536,0.001216,0.000416,1.786114
1.728898,0.000832,0.014528,0.000544,0.001504,0.001152,0.000384,1.753250
1.806019,0.000832,0.015264,0.000608,0.001536,0.001216,0.000384,1.832867
1.724835,0.000800,0.014464,0.000352,0.001536,0.001344,0.000384,1.750147
1.797955,0.000800,0.014400,0.000544,0.001600,0.001280,0.000416,1.822371
1.734690,0.000864,0.014432,0.000768,0.001568,0.001120,0.000384,1.760130
1.759811,0.001024,0.016192,0.000832,0.001568,0.001184,0.000384,1.787715
1.724227,0.000864,0.014496,0.000384,0.001664,0.001344,0.000352,1.749731
1.782275,0.000992,0.016288,0.000384,0.001568,0.001120,0.000352,1.808867
1.759011,0.000832,0.014752,0.000512,0.001504,0.001056,0.000384,1.784035
1.780259,0.000928,0.014816,0.000608,0.001600,0.000992,0.000448,1.805251
1.769795,0.000896,0.014720,0.000384,0.001536,0.001120,0.000384,1.794883
1.749635,0.001024,0.016064,0.000384,0.001568,0.001152,0.000832,1.776803
1.765315,0.000992,0.015200,0.000800,0.001600,0.001280,0.000416,1.791971
1.753507,0.000992,0.016416,0.000864,0.001792,0.001152,0.000384,1.781475
1.749474,0.000832,0.015584,0.000672,0.001568,0.001216,0.000416,1.775810
1.762307,0.000960,0.015872,0.000832,0.001568,0.001120,0.000416,1.789283
1.755235,0.000960,0.015136,0.000384,0.001504,0.001152,0.000384,1.781283
1.731650,0.000768,0.014496,0.000384,0.001536,0.001216,0.000384,1.756258
1.726306,0.000800,0.014528,0.000608,0.001472,0.001312,0.000384,1.752066
1.720483,0.000800,0.014432,0.000544,0.001504,0.001248,0.000384,1.745315
1.711459,0.000736,0.014528,0.000352,0.001536,0.001216,0.000384,1.735971
1.776898,0.000928,0.015936,0.000384,0.001600,0.001120,0.000384,1.803874
1.752195,0.000896,0.015712,0.000832,0.001536,0.001120,0.000352,1.779427
1.752739,0.000832,0.014560,0.000512,0.001472,0.001024,0.000416,1.777219
1.740130,0.000928,0.014816,0.000416,0.001504,0.001152,0.000384,1.766594
1.784643,0.000928,0.015040,0.000832,0.001568,0.001184,0.000384,1.810659
1.750915,0.000864,0.015072,0.000384,0.001568,0.001280,0.000384,1.777443
1.781922,0.000832,0.014464,0.000544,0.001504,0.001152,0.000384,1.806658
1.735939,0.001024,0.014848,0.000800,0.001536,0.001120,0.000384,1.762275
1.771170,0.000960,0.015104,0.000384,0.001536,0.001120,0.000384,1.797154
1.721123,0.000832,0.014432,0.000608,0.001536,0.001152,0.000384,1.746083
1.805955,0.000832,0.014624,0.000384,0.001984,0.001120,0.000384,1.831235
1.724930,0.000896,0.014496,0.000768,0.001568,0.001184,0.000320,1.750402
1.785955,0.001472,0.015744,0.000384,0.001696,0.001280,0.000384,1.813283
1.736515,0.001056,0.015104,0.000576,0.001696,0.001216,0.000352,1.763075
1.740323,0.000832,0.014464,0.000608,0.001536,0.001184,0.000384,1.765059
1.725826,0.000832,0.014816,0.000800,0.001536,0.001184,0.000416,1.752002
1.735170,0.000800,0.014400,0.000352,0.001568,0.001120,0.000352,1.759106
1.728163,0.000800,0.014368,0.000768,0.001568,0.001216,0.000352,1.753091
1.716611,0.000800,0.014432,0.000352,0.001664,0.000960,0.000320,1.740739
1.727075,0.000800,0.014304,0.000576,0.001504,0.001088,0.000384,1.751331
1.747330,0.000960,0.014240,0.000544,0.001536,0.001120,0.000384,1.787970
1.723298,0.000896,0.014368,0.000352,0.001504,0.001056,0.000384,1.747490
1.751491,0.000832,0.014208,0.000352,0.001568,0.000960,0.000416,1.774883
1.743458,0.000800,0.014304,0.000416,0.001504,0.001120,0.000416,1.768290
1.755106,0.000832,0.014464,0.000352,0.001504,0.000992,0.000384,1.779010
1.724194,0.000896,0.014464,0.000800,0.001568,0.001056,0.000384,1.749378
1.748994,0.000832,0.014304,0.000384,0.001536,0.001216,0.000384,1.774274
1.725699,0.000800,0.014464,0.000384,0.001664,0.001184,0.000352,1.751683
1.720387,0.000864,0.014656,0.000384,0.001568,0.001280,0.000416,1.747459
1.728547,0.000832,0.014304,0.000544,0.001504,0.001248,0.000352,1.756483
1.717315,0.000800,0.014272,0.000416,0.001568,0.001056,0.000320,1.740931
1.723811,0.000832,0.014304,0.000384,0.001504,0.000992,0.000384,1.748035
1.703363,0.000800,0.014368,0.000416,0.001472,0.000992,0.000416,1.726947
1.681635,0.000864,0.015136,0.000352,0.001536,0.001024,0.000384,1.708067
1.745154,0.001024,0.014912,0.000416,0.001440,0.000896,0.000384,1.770498
1.755427,0.000832,0.014656,0.000448,0.001536,0.001216,0.000384,1.781155
1.751075,0.000800,0.014528,0.000352,0.001472,0.001184,0.000384,1.776099
1.746402,0.001024,0.016192,0.000800,0.001504,0.001120,0.000416,1.773314
1.733027,0.001120,0.015520,0.000416,0.001504,0.001184,0.000448,1.759683
1.726819,0.000800,0.014272,0.000352,0.001440,0.001248,0.000416,1.751587
1.772930,0.001152,0.016704,0.000352,0.001536,0.001088,0.000384,1.799874
1.711747,0.000960,0.015040,0.000384,0.001504,0.001088,0.000384,1.737187
1.772995,0.000896,0.015360,0.000384,0.001632,0.001088,0.000352,1.798531
1.758083,0.001120,0.014432,0.000800,0.001504,0.001184,0.000416,1.783491
1.729794,0.001088,0.016384,0.000768,0.001504,0.001088,0.000352,1.757410
1.721027,0.000672,0.014400,0.000352,0.001504,0.001152,0.000416,1.745123
1.747139,0.001088,0.015680,0.000384,0.001408,0.001184,0.000384,1.773539
1.758850,0.000800,0.014336,0.000608,0.001440,0.001152,0.000384,1.783522
1.704483,0.000672,0.014272,0.000576,0.001536,0.001216,0.000352,1.729187
1.759394,0.001248,0.014720,0.000352,0.001536,0.001312,0.000384,1.786627
1.730083,0.000896,0.014752,0.000384,0.001760,0.001344,0.000416,1.757635
1.724803,0.000768,0.014496,0.000576,0.001536,0.001152,0.000384,1.750147
1.743490,0.000736,0.015264,0.000416,0.001568,0.001184,0.000416,1.769218
1.748194,0.000768,0.015392,0.000608,0.001536,0.001088,0.000416,1.773506
1.721602,0.000768,0.015360,0.000832,0.001824,0.001088,0.000416,1.748450
1.742115,0.000736,0.015488,0.000384,0.001536,0.001216,0.000384,1.768995
1.711043,0.000800,0.015392,0.000384,0.001536,0.001248,0.000384,1.736675
1.749987,0.000672,0.015200,0.000352,0.001504,0.001216,0.000416,1.774435
1.717923,0.000768,0.015232,0.000384,0.001568,0.001056,0.000384,1.742851
1.721731,0.000832,0.015296,0.000544,0.001536,0.001184,0.000384,1.747683
1.769058,0.001184,0.018753,0.000384,0.001568,0.001632,0.000576,1.801475
1.800707,0.001056,0.017216,0.000608,0.001536,0.001632,0.000576,1.830339
1.764227,0.001248,0.015968,0.000544,0.001568,0.001248,0.000608,1.792579
1.747907,0.001248,0.014528,0.000384,0.001504,0.001152,0.000416,1.773507
1.707363,0.000800,0.014464,0.000384,0.001536,0.001152,0.000416,1.732067
1.734563,0.001024,0.015968,0.000544,0.001504,0.001120,0.000352,1.760963
1.740131,0.000960,0.014848,0.000608,0.001440,0.001184,0.000384,1.765763
1.765954,0.000864,0.015968,0.000384,0.001504,0.001152,0.000384,1.791234
1.744738,0.000800,0.014432,0.000352,0.001728,0.001120,0.000416,1.769602
1.786243,0.000928,0.014592,0.000320,0.001408,0.001504,0.000352,1.810787
1.714403,0.000768,0.014240,0.000352,0.001504,0.001088,0.000384,1.738499
1.742307,0.000928,0.016000,0.000416,0.001472,0.001056,0.000384,1.768771
1.742050,0.000736,0.014432,0.000384,0.001568,0.001056,0.000416,1.766338
1.803683,0.000864,0.014464,0.000416,0.001472,0.001120,0.000448,1.827907
1.712482,0.000800,0.014304,0.000352,0.001472,0.001056,0.000416,1.737090
1.772195,0.000864,0.015680,0.000352,0.001472,0.000960,0.000384,1.798051
1.705667,0.000768,0.014368,0.000800,0.001472,0.001056,0.000384,1.730339
1.750562,0.000864,0.014464,0.000384,0.001568,0.001088,0.000384,1.775010
1.760067,0.000928,0.014976,0.000416,0.001536,0.001184,0.000384,1.786339
1.742659,0.000928,0.014272,0.000384,0.001536,0.001216,0.000384,1.767459
1.719043,0.000736,0.014592,0.000384,0.001536,0.001248,0.000352,1.743715
1.740419,0.000896,0.014272,0.000416,0.001440,0.001152,0.000384,1.764931
1.709795,0.000800,0.014400,0.000544,0.001536,0.001120,0.000640,1.734755
1.784866,0.000864,0.014400,0.000384,0.001504,0.001152,0.000352,1.810018
1.718147,0.000832,0.014496,0.000832,0.001472,0.001120,0.000384,1.743715
1.742083,0.000768,0.014400,0.000448,0.001536,0.001024,0.000352,1.766403
1.743106,0.000736,0.014464,0.000320,0.001568,0.001152,0.000384,1.767746
1.786115,0.000832,0.015520,0.000416,0.001568,0.001152,0.000384,1.811587
1.703170,0.000704,0.014528,0.000416,0.001568,0.001184,0.000416,1.728291
1.753859,0.000896,0.015776,0.000768,0.001472,0.001088,0.000352,1.780323
1.748995,0.000800,0.014720,0.000800,0.001536,0.001056,0.000352,1.773859
1.768899,0.000832,0.014816,0.000832,0.001472,0.001152,0.000384,1.794147
1.717794,0.000832,0.014561,0.000416,0.001568,0.001152,0.000352,1.743011
1.757218,0.000896,0.014848,0.000384,0.001472,0.001216,0.000384,1.782850
1.711234,0.000864,0.015584,0.000416,0.001472,0.001120,0.000384,1.737762
1.771906,0.000896,0.015648,0.000832,0.001472,0.001056,0.000384,1.798434
1.709890,0.000896,0.016224,0.000320,0.001568,0.001184,0.000384,1.735970
1.728387,0.000864,0.016352,0.000352,0.001536,0.001184,0.000384,1.755331
1.749507,0.000832,0.016032,0.000576,0.001536,0.001248,0.000384,1.777891
1.739171,0.000832,0.014528,0.000352,0.001600,0.001184,0.000416,1.764003
1.746883,0.000864,0.014560,0.000384,0.001504,0.001088,0.000384,1.771139
1.748803,0.000960,0.014560,0.000768,0.001504,0.001088,0.000416,1.774243
1.765155,0.001120,0.014848,0.000352,0.001568,0.001120,0.000416,1.790915
1.734914,0.001440,0.016640,0.000352,0.001536,0.001184,0.000448,1.762722
1.708002,0.000832,0.014720,0.000384,0.001600,0.001024,0.000352,1.732450
1.735075,0.001056,0.014816,0.000448,0.001536,0.001056,0.000384,1.761059
